"Gene","Non-unique Gene name","Annotation","No. isolates","No. sequences","Avg sequences per isolate","Genome Fragment","Order within Fragment","Accessory Fragment","Accessory Order with Fragment","QC","Min group size nuc","Max group size nuc","Avg group size nuc","CCS2","CCS3","P11_phage","P13_phage","P2_phage","P9_phage","SDS1","SDS2","Toy"
"group_10","","hypothetical protein","9","9","1","1","122","","","","287","353","316","ADMCLMPN_00002","NBJBEIJA_00013","IPEADHNG_00065","DJOFFLJJ_00040","HFJIHNGK_00059","ECBJOAHF_00089","NLBGHJLO_00076","CMKPKFEC_00082","IEBLELBI_00080"
"group_100","","hypothetical protein","9","9","1","1","111","","","","437","440","438","ADMCLMPN_00092","NBJBEIJA_00002","IPEADHNG_00076","DJOFFLJJ_00030","HFJIHNGK_00070","ECBJOAHF_00078","NLBGHJLO_00065","CMKPKFEC_00093","IEBLELBI_00069"
"group_101","","hypothetical protein","9","9","1","1","113","","","","377","377","377","ADMCLMPN_00094","NBJBEIJA_00004","IPEADHNG_00074","DJOFFLJJ_00032","HFJIHNGK_00068","ECBJOAHF_00080","NLBGHJLO_00067","CMKPKFEC_00091","IEBLELBI_00071"
"group_102","","hypothetical protein","9","9","1","1","115","","","","431","434","432","ADMCLMPN_00096","NBJBEIJA_00006","IPEADHNG_00072","DJOFFLJJ_00034","HFJIHNGK_00066","ECBJOAHF_00082","NLBGHJLO_00069","CMKPKFEC_00089","IEBLELBI_00073"
"group_103","","hypothetical protein","9","9","1","1","116","","","","689","689","689","ADMCLMPN_00097","NBJBEIJA_00007","IPEADHNG_00071","DJOFFLJJ_00035","HFJIHNGK_00065","ECBJOAHF_00083","NLBGHJLO_00070","CMKPKFEC_00088","IEBLELBI_00074"
"group_105","","hypothetical protein","9","9","1","1","120","","","","3992","3992","3992","ADMCLMPN_00100","NBJBEIJA_00011","IPEADHNG_00067","DJOFFLJJ_00038","HFJIHNGK_00061","ECBJOAHF_00087","NLBGHJLO_00074","CMKPKFEC_00084","IEBLELBI_00078"
"group_109","","hypothetical protein","9","9","1","1","144","","","","1364","1373","1366","ADMCLMPN_00023","NBJBEIJA_00033","IPEADHNG_00046","DJOFFLJJ_00060","HFJIHNGK_00041","ECBJOAHF_00010","NLBGHJLO_00002","CMKPKFEC_00064","IEBLELBI_00004"
"group_11","","hypothetical protein","9","9","1","1","129","","","","386","395","390","ADMCLMPN_00007","NBJBEIJA_00020","IPEADHNG_00058","DJOFFLJJ_00047","HFJIHNGK_00054","ECBJOAHF_00094","NLBGHJLO_00081","CMKPKFEC_00075","IEBLELBI_00087"
"group_12","","hypothetical protein","9","9","1","1","130","","","","200","248","205","ADMCLMPN_00008","NBJBEIJA_00021","IPEADHNG_00057","DJOFFLJJ_00048","HFJIHNGK_00053","ECBJOAHF_00095","NLBGHJLO_00082","CMKPKFEC_00074","IEBLELBI_00088"
"group_13","","hypothetical protein","9","9","1","1","69","","","","368","383","374","ADMCLMPN_00039","NBJBEIJA_00046","IPEADHNG_00032","DJOFFLJJ_00077","HFJIHNGK_00023","ECBJOAHF_00026","NLBGHJLO_00018","CMKPKFEC_00049","IEBLELBI_00018"
"group_14","","hypothetical protein","9","9","1","1","68","","","","185","185","185","ADMCLMPN_00040","NBJBEIJA_00047","IPEADHNG_00031","DJOFFLJJ_00078","HFJIHNGK_00022","ECBJOAHF_00027","NLBGHJLO_00019","CMKPKFEC_00048","IEBLELBI_00019"
"group_15","","hypothetical protein","9","9","1","1","61","","","","404","443","424","ADMCLMPN_00043","NBJBEIJA_00050","IPEADHNG_00025","DJOFFLJJ_00082","HFJIHNGK_00018","ECBJOAHF_00031","NLBGHJLO_00023","CMKPKFEC_00042","IEBLELBI_00021"
"group_17","","hypothetical protein","9","9","1","1","44","","","","173","209","198","ADMCLMPN_00055","NBJBEIJA_00060","IPEADHNG_00016","DJOFFLJJ_00095","HFJIHNGK_00005","ECBJOAHF_00045","NLBGHJLO_00031","CMKPKFEC_00033","IEBLELBI_00032"
"group_18","","hypothetical protein","9","9","1","1","41","","","","266","269","266","ADMCLMPN_00056","NBJBEIJA_00062","IPEADHNG_00014","DJOFFLJJ_00097","HFJIHNGK_00003","ECBJOAHF_00046","NLBGHJLO_00033","CMKPKFEC_00031","IEBLELBI_00034"
"group_20","","hypothetical protein","9","9","1","1","67","","","","1598","2531","2225","ADMCLMPN_00041","NBJBEIJA_00048","IPEADHNG_00030","DJOFFLJJ_00079","HFJIHNGK_00021","ECBJOAHF_00028","NLBGHJLO_00020","CMKPKFEC_00047","IEBLELBI_00020"
"group_22","","hypothetical protein","9","9","1","1","123","","","","713","719","714","ADMCLMPN_00003","NBJBEIJA_00014","IPEADHNG_00064","DJOFFLJJ_00041","HFJIHNGK_00058","ECBJOAHF_00090","NLBGHJLO_00077","CMKPKFEC_00081","IEBLELBI_00081"
"group_23","","hypothetical protein","9","9","1","1","126","","","","428","428","428","ADMCLMPN_00004","NBJBEIJA_00016","IPEADHNG_00062","DJOFFLJJ_00043","HFJIHNGK_00057","ECBJOAHF_00091","NLBGHJLO_00078","CMKPKFEC_00079","IEBLELBI_00083"
"group_24","","hypothetical protein","9","9","1","1","139","","","","188","188","188","ADMCLMPN_00018","NBJBEIJA_00028","IPEADHNG_00051","DJOFFLJJ_00055","HFJIHNGK_00046","ECBJOAHF_00005","NLBGHJLO_00089","CMKPKFEC_00069","IEBLELBI_00095"
"group_25","","hypothetical protein","9","9","1","1","146","","","","224","224","224","ADMCLMPN_00025","NBJBEIJA_00034","IPEADHNG_00045","DJOFFLJJ_00062","HFJIHNGK_00039","ECBJOAHF_00012","NLBGHJLO_00004","CMKPKFEC_00063","IEBLELBI_00005"
"ruvC","","Crossover junction endodeoxyribonuclease RuvC","9","9","1","1","152","","","","431","578","539","ADMCLMPN_00030","NBJBEIJA_00038","IPEADHNG_00040","DJOFFLJJ_00066","HFJIHNGK_00033","ECBJOAHF_00016","NLBGHJLO_00008","CMKPKFEC_00059","IEBLELBI_00010"
"group_27","","hypothetical protein","9","9","1","1","72","","","","221","227","223","ADMCLMPN_00036","NBJBEIJA_00043","IPEADHNG_00035","DJOFFLJJ_00074","HFJIHNGK_00026","ECBJOAHF_00023","NLBGHJLO_00015","CMKPKFEC_00052","IEBLELBI_00015"
"group_28","","hypothetical protein","9","9","1","1","47","","","","257","260","258","ADMCLMPN_00052","NBJBEIJA_00057","IPEADHNG_00019","DJOFFLJJ_00092","HFJIHNGK_00008","ECBJOAHF_00042","NLBGHJLO_00028","CMKPKFEC_00035","IEBLELBI_00029"
"group_3","","hypothetical protein","9","9","1","1","35","","","","371","374","373","ADMCLMPN_00063","NBJBEIJA_00069","IPEADHNG_00008","DJOFFLJJ_00004","HFJIHNGK_00092","ECBJOAHF_00052","NLBGHJLO_00039","CMKPKFEC_00026","IEBLELBI_00040"
"group_31","","hypothetical protein","9","9","1","1","37","","","","104","104","104","ADMCLMPN_00061","NBJBEIJA_00067","IPEADHNG_00010","DJOFFLJJ_00002","HFJIHNGK_00094","ECBJOAHF_00050","NLBGHJLO_00037","CMKPKFEC_00028","IEBLELBI_00038"
"group_34","","hypothetical protein","9","9","1","1","110","","","","467","806","768","ADMCLMPN_00091","NBJBEIJA_00001","IPEADHNG_00077","DJOFFLJJ_00029","HFJIHNGK_00071","ECBJOAHF_00077","NLBGHJLO_00064","CMKPKFEC_00094","IEBLELBI_00068"
"group_36","","hypothetical protein","9","9","1","1","128","","","","434","440","435","ADMCLMPN_00006","NBJBEIJA_00019","IPEADHNG_00059","DJOFFLJJ_00046","HFJIHNGK_00055","ECBJOAHF_00093","NLBGHJLO_00080","CMKPKFEC_00076","IEBLELBI_00086"
"group_37","","hypothetical protein","9","9","1","1","136","","","","251","251","251","ADMCLMPN_00016","NBJBEIJA_00026","IPEADHNG_00053","DJOFFLJJ_00053","HFJIHNGK_00048","ECBJOAHF_00003","NLBGHJLO_00087","CMKPKFEC_00071","IEBLELBI_00092"
"group_38","","hypothetical protein","9","9","1","1","148","","","","440","452","444","ADMCLMPN_00027","NBJBEIJA_00035","IPEADHNG_00043","DJOFFLJJ_00063","HFJIHNGK_00037","ECBJOAHF_00013","NLBGHJLO_00005","CMKPKFEC_00062","IEBLELBI_00007"
"group_39","","hypothetical protein","9","9","1","1","149","","","","1028","1028","1028","ADMCLMPN_00028","NBJBEIJA_00036","IPEADHNG_00042","DJOFFLJJ_00064","HFJIHNGK_00036","ECBJOAHF_00014","NLBGHJLO_00006","CMKPKFEC_00061","IEBLELBI_00008"
"group_4","","hypothetical protein","9","9","1","1","121","","","","572","3026","2625","ADMCLMPN_00001","NBJBEIJA_00012","IPEADHNG_00066","DJOFFLJJ_00039","HFJIHNGK_00060","ECBJOAHF_00088","NLBGHJLO_00075","CMKPKFEC_00083","IEBLELBI_00079"
"group_41","","hypothetical protein","9","9","1","1","153","","","","569","572","569","ADMCLMPN_00031","NBJBEIJA_00039","IPEADHNG_00039","DJOFFLJJ_00068","HFJIHNGK_00032","ECBJOAHF_00017","NLBGHJLO_00009","CMKPKFEC_00058","IEBLELBI_00011"
"group_42","","hypothetical protein","9","9","1","1","155","","","","563","563","563","ADMCLMPN_00033","NBJBEIJA_00041","IPEADHNG_00037","DJOFFLJJ_00070","HFJIHNGK_00030","ECBJOAHF_00019","NLBGHJLO_00011","CMKPKFEC_00056","IEBLELBI_00013"
"group_44","","hypothetical protein","9","9","1","1","71","","","","209","209","209","ADMCLMPN_00037","NBJBEIJA_00044","IPEADHNG_00034","DJOFFLJJ_00075","HFJIHNGK_00025","ECBJOAHF_00024","NLBGHJLO_00016","CMKPKFEC_00051","IEBLELBI_00016"
"group_45","","hypothetical protein","9","9","1","1","70","","","","209","212","211","ADMCLMPN_00038","NBJBEIJA_00045","IPEADHNG_00033","DJOFFLJJ_00076","HFJIHNGK_00024","ECBJOAHF_00025","NLBGHJLO_00017","CMKPKFEC_00050","IEBLELBI_00017"
"group_47","","hypothetical protein","9","9","1","1","40","","","","305","305","305","ADMCLMPN_00057","NBJBEIJA_00063","IPEADHNG_00012","DJOFFLJJ_00099","HFJIHNGK_00001","ECBJOAHF_00047","NLBGHJLO_00035","CMKPKFEC_00030","IEBLELBI_00035"
"group_5","","hypothetical protein","9","9","1","1","33","","","","134","137","136","ADMCLMPN_00064","NBJBEIJA_00071","IPEADHNG_00007","DJOFFLJJ_00005","HFJIHNGK_00091","ECBJOAHF_00053","NLBGHJLO_00040","CMKPKFEC_00024","IEBLELBI_00041"
"group_50","","hypothetical protein","9","9","1","1","119","","","","2885","2885","2885","ADMCLMPN_00099","NBJBEIJA_00010","IPEADHNG_00068","DJOFFLJJ_00037","HFJIHNGK_00062","ECBJOAHF_00086","NLBGHJLO_00073","CMKPKFEC_00085","IEBLELBI_00077"
"group_52","","hypothetical protein","9","9","1","1","127","","","","824","827","825","ADMCLMPN_00005","NBJBEIJA_00018","IPEADHNG_00060","DJOFFLJJ_00045","HFJIHNGK_00056","ECBJOAHF_00092","NLBGHJLO_00079","CMKPKFEC_00077","IEBLELBI_00085"
"dnaG","","DNA primase","9","9","1","1","141","","","","674","947","914","ADMCLMPN_00020","NBJBEIJA_00029","IPEADHNG_00049","DJOFFLJJ_00057","HFJIHNGK_00044","ECBJOAHF_00007","NLBGHJLO_00091","CMKPKFEC_00067","IEBLELBI_00001"
"group_67","","hypothetical protein","9","9","1","1","108","","","","755","755","755","ADMCLMPN_00089","NBJBEIJA_00097","IPEADHNG_00079","DJOFFLJJ_00027","HFJIHNGK_00073","ECBJOAHF_00075","NLBGHJLO_00062","CMKPKFEC_00001","IEBLELBI_00066"
"group_68","","hypothetical protein","9","9","1","1","109","","","","494","674","651","ADMCLMPN_00090","NBJBEIJA_00098","IPEADHNG_00078","DJOFFLJJ_00028","HFJIHNGK_00072","ECBJOAHF_00076","NLBGHJLO_00063","CMKPKFEC_00095","IEBLELBI_00067"
"group_69","","hypothetical protein","9","9","1","1","112","","","","404","404","404","ADMCLMPN_00093","NBJBEIJA_00003","IPEADHNG_00075","DJOFFLJJ_00031","HFJIHNGK_00069","ECBJOAHF_00079","NLBGHJLO_00066","CMKPKFEC_00092","IEBLELBI_00070"
"group_7","","hypothetical protein","9","9","1","1","32","","","","302","302","302","ADMCLMPN_00072","NBJBEIJA_00076","IPEADHNG_00001","DJOFFLJJ_00010","HFJIHNGK_00090","ECBJOAHF_00058","NLBGHJLO_00045","CMKPKFEC_00019","IEBLELBI_00046"
"group_70","","hypothetical protein","9","9","1","1","114","","","","380","380","380","ADMCLMPN_00095","NBJBEIJA_00005","IPEADHNG_00073","DJOFFLJJ_00033","HFJIHNGK_00067","ECBJOAHF_00081","NLBGHJLO_00068","CMKPKFEC_00090","IEBLELBI_00072"
"group_8","","hypothetical protein","9","9","1","1","98","","","","134","395","339","ADMCLMPN_00080","NBJBEIJA_00088","IPEADHNG_00088","DJOFFLJJ_00018","HFJIHNGK_00082","ECBJOAHF_00066","NLBGHJLO_00053","CMKPKFEC_00010","IEBLELBI_00057"
"group_83","","hypothetical protein","9","9","1","1","143","","","","776","776","776","ADMCLMPN_00022","NBJBEIJA_00031","IPEADHNG_00047","DJOFFLJJ_00059","HFJIHNGK_00042","ECBJOAHF_00009","NLBGHJLO_00001","CMKPKFEC_00066","IEBLELBI_00003"
"group_84","","hypothetical protein","9","9","1","1","154","","","","632","632","632","ADMCLMPN_00032","NBJBEIJA_00040","IPEADHNG_00038","DJOFFLJJ_00069","HFJIHNGK_00031","ECBJOAHF_00018","NLBGHJLO_00010","CMKPKFEC_00057","IEBLELBI_00012"
"group_88","","hypothetical protein","9","9","1","1","36","","","","386","386","386","ADMCLMPN_00062","NBJBEIJA_00068","IPEADHNG_00009","DJOFFLJJ_00003","HFJIHNGK_00093","ECBJOAHF_00051","NLBGHJLO_00038","CMKPKFEC_00027","IEBLELBI_00039"
"group_94","","hypothetical protein","9","9","1","1","102","","","","311","314","312","ADMCLMPN_00083","NBJBEIJA_00091","IPEADHNG_00085","DJOFFLJJ_00021","HFJIHNGK_00079","ECBJOAHF_00069","NLBGHJLO_00056","CMKPKFEC_00007","IEBLELBI_00060"
"group_95","","hypothetical protein","9","9","1","1","103","","","","596","599","597","ADMCLMPN_00084","NBJBEIJA_00092","IPEADHNG_00084","DJOFFLJJ_00022","HFJIHNGK_00078","ECBJOAHF_00070","NLBGHJLO_00057","CMKPKFEC_00006","IEBLELBI_00061"
"group_96","","hypothetical protein","9","9","1","1","104","","","","377","380","378","ADMCLMPN_00085","NBJBEIJA_00093","IPEADHNG_00083","DJOFFLJJ_00023","HFJIHNGK_00077","ECBJOAHF_00071","NLBGHJLO_00058","CMKPKFEC_00005","IEBLELBI_00062"
"group_97","","hypothetical protein","9","9","1","1","105","","","","248","248","248","ADMCLMPN_00086","NBJBEIJA_00094","IPEADHNG_00082","DJOFFLJJ_00024","HFJIHNGK_00076","ECBJOAHF_00072","NLBGHJLO_00059","CMKPKFEC_00004","IEBLELBI_00063"
"group_98","","hypothetical protein","9","9","1","1","106","","","","1271","1271","1271","ADMCLMPN_00087","NBJBEIJA_00095","IPEADHNG_00081","DJOFFLJJ_00025","HFJIHNGK_00075","ECBJOAHF_00073","NLBGHJLO_00060","CMKPKFEC_00003","IEBLELBI_00064"
"group_99","","hypothetical protein","9","9","1","1","107","","","","1535","1535","1535","ADMCLMPN_00088","NBJBEIJA_00096","IPEADHNG_00080","DJOFFLJJ_00026","HFJIHNGK_00074","ECBJOAHF_00074","NLBGHJLO_00061","CMKPKFEC_00002","IEBLELBI_00065"
"group_104","","hypothetical protein","8","8","1","1","118","8","1","","224","404","246","ADMCLMPN_00098","NBJBEIJA_00009","IPEADHNG_00069","","HFJIHNGK_00063","ECBJOAHF_00085","NLBGHJLO_00072","CMKPKFEC_00086","IEBLELBI_00076"
"group_106","","hypothetical protein","8","8","1","1","117","8","2","","440","440","440","","NBJBEIJA_00008","IPEADHNG_00070","DJOFFLJJ_00036","HFJIHNGK_00064","ECBJOAHF_00084","NLBGHJLO_00071","CMKPKFEC_00087","IEBLELBI_00075"
"group_16","","hypothetical protein","8","8","1","1","45","7","2","","191","218","214","ADMCLMPN_00054","NBJBEIJA_00059","IPEADHNG_00017","DJOFFLJJ_00094","HFJIHNGK_00006","ECBJOAHF_00044","NLBGHJLO_00030","","IEBLELBI_00031"
"nrdH","","Glutaredoxin-like protein NrdH","8","8","1","1","87","2","8","","260","260","260","ADMCLMPN_00078","NBJBEIJA_00085","","DJOFFLJJ_00016","HFJIHNGK_00084","ECBJOAHF_00064","NLBGHJLO_00051","CMKPKFEC_00011","IEBLELBI_00056"
"group_33","","hypothetical protein","8","8","1","1","99","6","3","","386","386","386","ADMCLMPN_00081","","IPEADHNG_00087","DJOFFLJJ_00019","HFJIHNGK_00081","ECBJOAHF_00067","NLBGHJLO_00054","CMKPKFEC_00009","IEBLELBI_00058"
"group_6","","hypothetical protein","8","8","1","1","28","3","7","","425","434","432","ADMCLMPN_00066","NBJBEIJA_00074","IPEADHNG_00005","DJOFFLJJ_00007","","ECBJOAHF_00055","NLBGHJLO_00042","CMKPKFEC_00021","IEBLELBI_00044"
"group_60","","hypothetical protein","8","8","1","1","142","12","1","","338","353","351","ADMCLMPN_00021","NBJBEIJA_00030","IPEADHNG_00048","DJOFFLJJ_00058","HFJIHNGK_00043","ECBJOAHF_00008","NLBGHJLO_00092","","IEBLELBI_00002"
"group_82","","hypothetical protein","8","8","1","1","140","13","1","","212","218","213","ADMCLMPN_00019","","IPEADHNG_00050","DJOFFLJJ_00056","HFJIHNGK_00045","ECBJOAHF_00006","NLBGHJLO_00090","CMKPKFEC_00068","IEBLELBI_00096"
"group_86","","hypothetical protein","8","8","1","1","49","1","14","","188","194","191","ADMCLMPN_00051","NBJBEIJA_00056","","DJOFFLJJ_00091","HFJIHNGK_00009","ECBJOAHF_00041","NLBGHJLO_00027","CMKPKFEC_00036","IEBLELBI_00028"
"group_29","","hypothetical protein","7","7","1","1","46","7","1","","212","212","212","ADMCLMPN_00053","","IPEADHNG_00018","DJOFFLJJ_00093","HFJIHNGK_00007","ECBJOAHF_00043","NLBGHJLO_00029","","IEBLELBI_00030"
"group_35","","hypothetical protein","7","7","1","1","42","19","1","","248","308","265","","NBJBEIJA_00061","IPEADHNG_00015","DJOFFLJJ_00096","HFJIHNGK_00004","","NLBGHJLO_00032","CMKPKFEC_00032","IEBLELBI_00033"
"group_40","","hypothetical protein","7","7","1","1","151","10","2","","329","335","333","ADMCLMPN_00029","NBJBEIJA_00037","IPEADHNG_00041","DJOFFLJJ_00065","HFJIHNGK_00035","ECBJOAHF_00015","NLBGHJLO_00007","",""
"group_43","","hypothetical protein","7","7","1","1","73","5","4","","194","194","194","ADMCLMPN_00035","NBJBEIJA_00042","","DJOFFLJJ_00073","HFJIHNGK_00027","ECBJOAHF_00022","NLBGHJLO_00014","CMKPKFEC_00053",""
"group_62","","hypothetical protein","7","7","1","1","63","1","21","","179","191","189","ADMCLMPN_00042","","IPEADHNG_00027","DJOFFLJJ_00081","HFJIHNGK_00019","ECBJOAHF_00030","NLBGHJLO_00022","CMKPKFEC_00044",""
"group_64","","hypothetical protein","7","7","1","1","6","1","19","","383","404","399","ADMCLMPN_00046","NBJBEIJA_00049","IPEADHNG_00026","DJOFFLJJ_00085","HFJIHNGK_00015","ECBJOAHF_00034","","CMKPKFEC_00043",""
"group_48","","hypothetical protein","6","6","1","1","86","2","15","","302","302","302","ADMCLMPN_00077","","","DJOFFLJJ_00015","HFJIHNGK_00085","ECBJOAHF_00063","NLBGHJLO_00050","","IEBLELBI_00054"
"group_49","","hypothetical protein","6","6","1","1","88","2","7","","137","149","147","ADMCLMPN_00079","NBJBEIJA_00086","","DJOFFLJJ_00017","HFJIHNGK_00083","ECBJOAHF_00065","NLBGHJLO_00052","",""
"group_59","","hypothetical protein","6","6","1","1","132","4","4","","134","146","144","ADMCLMPN_00015","NBJBEIJA_00025","","DJOFFLJJ_00051","HFJIHNGK_00050","ECBJOAHF_00001","NLBGHJLO_00085","",""
"group_1","","hypothetical protein","5","5","1","1","4","1","10","","392","395","394","ADMCLMPN_00044","NBJBEIJA_00051","","DJOFFLJJ_00083","HFJIHNGK_00017","ECBJOAHF_00032","","",""
"group_118","","hypothetical protein","5","5","1","1","81","4","3","","242","398","273","","","IPEADHNG_00054","DJOFFLJJ_00052","HFJIHNGK_00049","ECBJOAHF_00002","NLBGHJLO_00086","",""
"group_122","","hypothetical protein","5","5","1","1","145","14","1","","752","752","752","ADMCLMPN_00024","","","DJOFFLJJ_00061","HFJIHNGK_00040","ECBJOAHF_00011","NLBGHJLO_00003","",""
"group_136","","hypothetical protein","5","5","1","1","137","31","1","","320","320","320","","","IPEADHNG_00052","DJOFFLJJ_00054","HFJIHNGK_00047","ECBJOAHF_00004","NLBGHJLO_00088","",""
"group_2","","hypothetical protein","5","5","1","1","54","1","17","","584","824","632","ADMCLMPN_00048","","","DJOFFLJJ_00088","HFJIHNGK_00012","ECBJOAHF_00038","NLBGHJLO_00024","",""
"group_30","","hypothetical protein","5","5","1","1","39","9","3","","323","323","323","ADMCLMPN_00060","","IPEADHNG_00011","","HFJIHNGK_00095","","","CMKPKFEC_00029","IEBLELBI_00037"
"group_32","","hypothetical protein","5","5","1","1","29","3","8","","209","209","209","ADMCLMPN_00067","NBJBEIJA_00075","IPEADHNG_00004","","","","","CMKPKFEC_00020","IEBLELBI_00045"
"group_46","","hypothetical protein","5","5","1","1","50","1","15","","431","443","437","ADMCLMPN_00050","","","DJOFFLJJ_00090","HFJIHNGK_00010","ECBJOAHF_00040","NLBGHJLO_00026","",""
"group_51","","hypothetical protein","5","5","1","1","124","21","1","","176","407","270","","NBJBEIJA_00015","IPEADHNG_00063","DJOFFLJJ_00042","","","","CMKPKFEC_00080","IEBLELBI_00082"
"group_58","","hypothetical protein","5","5","1","1","100","6","2","","275","275","275","","NBJBEIJA_00090","IPEADHNG_00086","","","ECBJOAHF_00068","","CMKPKFEC_00008","IEBLELBI_00059"
"group_66","","hypothetical protein","5","5","1","1","26","3","6","","227","227","227","ADMCLMPN_00065","","IPEADHNG_00006","DJOFFLJJ_00006","","ECBJOAHF_00054","NLBGHJLO_00041","",""
"group_85","","hypothetical protein","5","5","1","1","51","1","16","","200","200","200","ADMCLMPN_00049","","","DJOFFLJJ_00089","HFJIHNGK_00011","ECBJOAHF_00039","NLBGHJLO_00025","",""
"group_90","","hypothetical protein","5","5","1","1","17","2","11","","218","218","218","ADMCLMPN_00074","","","DJOFFLJJ_00012","HFJIHNGK_00088","ECBJOAHF_00060","NLBGHJLO_00047","",""
"group_91","","hypothetical protein","5","5","1","1","16","2","12","","809","833","813","ADMCLMPN_00075","","","DJOFFLJJ_00013","HFJIHNGK_00087","ECBJOAHF_00061","NLBGHJLO_00048","",""
"group_92","","hypothetical protein","5","5","1","1","85","2","13","","371","371","371","ADMCLMPN_00076","","","DJOFFLJJ_00014","HFJIHNGK_00086","ECBJOAHF_00062","NLBGHJLO_00049","",""
"group_107","","hypothetical protein","4","4","1","1","131","4","2","","164","164","164","","NBJBEIJA_00024","","DJOFFLJJ_00050","HFJIHNGK_00051","","NLBGHJLO_00084","",""
"group_111","","hypothetical protein","4","4","1","1","57","1","13","","206","206","206","","NBJBEIJA_00054","IPEADHNG_00021","","","","","CMKPKFEC_00038","IEBLELBI_00025"
"group_113","","hypothetical protein","4","4","1","1","13","16","2","","239","239","239","","NBJBEIJA_00066","","DJOFFLJJ_00001","","ECBJOAHF_00049","NLBGHJLO_00036","",""
"group_115","","hypothetical protein","4","4","1","1","95","2","16","","371","389","375","","NBJBEIJA_00084","IPEADHNG_00089","","","","","CMKPKFEC_00012","IEBLELBI_00053"
"group_138","","hypothetical protein","4","4","1","1","18","2","9","","212","212","212","","","","DJOFFLJJ_00011","HFJIHNGK_00089","ECBJOAHF_00059","NLBGHJLO_00046","",""
"group_140","","hypothetical protein","4","4","1","1","2","5","6","","299","299","299","","","","DJOFFLJJ_00071","HFJIHNGK_00029","ECBJOAHF_00020","NLBGHJLO_00012","",""
"group_141","","hypothetical protein","4","4","1","1","1","5","5","","176","176","176","","","","DJOFFLJJ_00072","HFJIHNGK_00028","ECBJOAHF_00021","NLBGHJLO_00013","",""
"group_142","","hypothetical protein","4","4","1","1","64","1","20","","536","536","536","","","","DJOFFLJJ_00080","HFJIHNGK_00020","ECBJOAHF_00029","NLBGHJLO_00021","",""
"group_54","","hypothetical protein","4","4","1","1","56","1","7","","410","413","410","","NBJBEIJA_00055","IPEADHNG_00020","","","","","CMKPKFEC_00037","IEBLELBI_00026"
"group_55","","hypothetical protein","4","4","1","1","92","2","5","","821","899","869","","NBJBEIJA_00081","IPEADHNG_00092","","","","","CMKPKFEC_00015","IEBLELBI_00050"
"group_56","","hypothetical protein","4","4","1","1","93","2","18","","758","758","758","","NBJBEIJA_00082","IPEADHNG_00091","","","","","CMKPKFEC_00014","IEBLELBI_00051"
"group_57","","hypothetical protein","4","4","1","1","94","2","17","","305","305","305","","NBJBEIJA_00083","IPEADHNG_00090","","","","","CMKPKFEC_00013","IEBLELBI_00052"
"group_61","","hypothetical protein","4","4","1","1","147","15","1","","260","260","260","ADMCLMPN_00026","","IPEADHNG_00044","","HFJIHNGK_00038","","","","IEBLELBI_00006"
"group_63","","hypothetical protein","4","4","1","1","5","1","9","","695","695","695","ADMCLMPN_00045","","","DJOFFLJJ_00084","HFJIHNGK_00016","ECBJOAHF_00033","","",""
"group_71","","hypothetical protein","4","4","1","1","125","18","1","","203","203","203","","NBJBEIJA_00017","IPEADHNG_00061","DJOFFLJJ_00044","","","","CMKPKFEC_00078",""
"group_72","","hypothetical protein","4","4","1","1","59","1","11","","596","596","596","","NBJBEIJA_00052","IPEADHNG_00023","","","","","CMKPKFEC_00040","IEBLELBI_00023"
"group_75","","hypothetical protein","4","4","1","1","90","2","3","","209","209","209","","NBJBEIJA_00079","IPEADHNG_00094","","","","","CMKPKFEC_00017","IEBLELBI_00048"
"group_76","","hypothetical protein","4","4","1","1","91","2","4","","230","230","230","","NBJBEIJA_00080","IPEADHNG_00093","","","","","CMKPKFEC_00016","IEBLELBI_00049"
"group_93","","hypothetical protein","4","4","1","1","101","6","4","","257","257","257","ADMCLMPN_00082","","","DJOFFLJJ_00020","HFJIHNGK_00080","","NLBGHJLO_00055","",""
"group_110","","hypothetical protein","3","3","1","1","60","1","8","","215","395","275","","","IPEADHNG_00024","","","","","CMKPKFEC_00041","IEBLELBI_00022"
"group_114","","hypothetical protein","3","3","1","1","27","3","5","","224","224","224","","NBJBEIJA_00073","","","","","","CMKPKFEC_00022","IEBLELBI_00043"
"group_117","","hypothetical protein","3","3","1","1","58","1","12","","632","632","632","","","IPEADHNG_00022","","","","","CMKPKFEC_00039","IEBLELBI_00024"
"group_134","","hypothetical protein","3","3","1","1","8","30","1","","962","962","962","","","IPEADHNG_00013","","HFJIHNGK_00002","","NLBGHJLO_00034","",""
"group_143","","hypothetical protein","3","3","1","1","52","1","5","","236","236","236","","","","DJOFFLJJ_00086","HFJIHNGK_00014","ECBJOAHF_00035","","",""
"group_144","","hypothetical protein","3","3","1","1","53","1","4","","323","323","323","","","","DJOFFLJJ_00087","HFJIHNGK_00013","ECBJOAHF_00036","","",""
"group_65","","hypothetical protein","3","3","1","1","55","1","18","","455","464","459","ADMCLMPN_00047","NBJBEIJA_00053","","","","ECBJOAHF_00037","","",""
"group_73","","hypothetical protein","3","3","1","1","15","3","4","","278","278","278","","NBJBEIJA_00072","","","","","","CMKPKFEC_00023","IEBLELBI_00042"
"group_74","","hypothetical protein","3","3","1","1","89","2","2","","311","311","311","","NBJBEIJA_00078","","","","","","CMKPKFEC_00018","IEBLELBI_00047"
"group_77","","hypothetical protein","3","3","1","1","3","5","3","","179","179","179","","","IPEADHNG_00036","","","","","CMKPKFEC_00054","IEBLELBI_00014"
"group_78","","hypothetical protein","3","3","1","1","25","3","3","","320","320","320","","","","DJOFFLJJ_00008","","ECBJOAHF_00056","NLBGHJLO_00043","",""
"group_108","","hypothetical protein","2","2","1","1","77","17","1","","533","533","533","","NBJBEIJA_00032","","","","","","CMKPKFEC_00065",""
"group_112","","hypothetical protein","2","2","1","1","43","7","3","","203","215","209","","NBJBEIJA_00058","","","","","","CMKPKFEC_00034",""
"group_116","","hypothetical protein","2","2","1","1","30","3","2","","134","146","140","","","IPEADHNG_00002","","","ECBJOAHF_00057","","",""
"group_119","","hypothetical protein","2","2","1","1","76","24","1","","338","338","338","","","","","","","","CMKPKFEC_00060","IEBLELBI_00009"
"group_120","","hypothetical protein","2","2","1","1","78","25","1","","248","248","248","","","","","","","","CMKPKFEC_00072","IEBLELBI_00091"
"group_137","","hypothetical protein","2","2","1","1","24","3","1","","311","311","311","","","","DJOFFLJJ_00009","","","NLBGHJLO_00044","",""
"polA","","DNA polymerase I, thermostable","2","2","1","1","62","1","3","","680","680","680","","","IPEADHNG_00028","","","","","CMKPKFEC_00045",""
"group_79","","hypothetical protein","2","2","1","1","82","4","1","","125","125","125","ADMCLMPN_00012","NBJBEIJA_00023","","","","","","",""
"group_80","","hypothetical protein","2","2","1","1","80","4","6","","338","341","339","ADMCLMPN_00014","","IPEADHNG_00055","","","","","",""
"group_81","","hypothetical protein","2","2","1","1","138","11","1","","152","152","152","ADMCLMPN_00017","NBJBEIJA_00027","","","","","","",""
"group_87","","hypothetical protein","2","2","1","1","9","9","1","","371","512","441","ADMCLMPN_00058","","","","","","","","IEBLELBI_00036"
"group_89","","hypothetical protein","2","2","1","1","23","3","10","","182","182","182","ADMCLMPN_00069","","IPEADHNG_00003","","","","","",""
"group_121","","hypothetical protein","1","1","1","1","79","4","5","","164","164","164","ADMCLMPN_00013","","","","","","","",""
"group_123","","hypothetical protein","1","1","1","1","74","5","1","","116","116","116","ADMCLMPN_00034","","","","","","","",""
"group_124","","hypothetical protein","1","1","1","1","38","9","2","","293","293","293","ADMCLMPN_00059","","","","","","","",""
"group_125","","hypothetical protein","1","1","1","1","20","3","9","","170","170","170","ADMCLMPN_00068","","","","","","","",""
"group_126","","hypothetical protein","1","1","1","1","22","3","11","","266","266","266","ADMCLMPN_00070","","","","","","","",""
"group_127","","hypothetical protein","1","1","1","1","21","3","12","","272","272","272","ADMCLMPN_00071","","","","","","","",""
"group_128","","hypothetical protein","1","1","1","1","19","2","10","","212","212","212","ADMCLMPN_00073","","","","","","","",""
"group_129","","hypothetical protein","1","1","1","1","11","16","3","","314","314","314","","NBJBEIJA_00064","","","","","","",""
"group_130","","hypothetical protein","1","1","1","1","10","16","4","","227","227","227","","NBJBEIJA_00065","","","","","","",""
"group_131","","hypothetical protein","1","1","1","1","14","20","1","","230","230","230","","NBJBEIJA_00070","","","","","","",""
"group_132","","hypothetical protein","1","1","1","1","31","2","1","","122","122","122","","NBJBEIJA_00077","","","","","","",""
"group_133","","hypothetical protein","1","1","1","1","96","6","1","","389","389","389","","NBJBEIJA_00089","","","","","","",""
"group_135","","hypothetical protein","1","1","1","1","65","1","2","","470","470","470","","","IPEADHNG_00029","","","","","",""
"group_139","","hypothetical protein","1","1","1","1","75","26","1","","593","593","593","","","","DJOFFLJJ_00067","","","","",""
"group_145","","hypothetical protein","1","1","1","1","12","27","1","","293","293","293","","","","DJOFFLJJ_00098","","","","",""
"group_146","","hypothetical protein","1","1","1","1","150","10","1","","530","530","530","","","","","HFJIHNGK_00034","","","",""
"group_147","","hypothetical protein","1","1","1","1","7","16","1","","305","305","305","","","","","","ECBJOAHF_00048","","",""
"group_148","","hypothetical protein","1","1","1","1","34","22","1","","245","245","245","","","","","","","","CMKPKFEC_00025",""
"group_149","","hypothetical protein","1","1","1","1","66","1","1","","512","512","512","","","","","","","","CMKPKFEC_00046",""
"group_150","","hypothetical protein","1","1","1","1","156","5","2","","110","110","110","","","","","","","","CMKPKFEC_00055",""
"group_151","","hypothetical protein","1","1","1","1","135","23","1","","173","173","173","","","","","","","","CMKPKFEC_00070",""
"group_152","","hypothetical protein","1","1","1","1","48","1","6","","185","185","185","","","","","","","","","IEBLELBI_00027"
"group_153","","hypothetical protein","1","1","1","1","84","2","14","","185","185","185","","","","","","","","","IEBLELBI_00055"
"group_154","","hypothetical protein","1","1","1","1","83","29","1","","536","536","536","","","","","","","","","IEBLELBI_00084"
"group_155","","hypothetical protein","1","1","1","1","134","28","2","","215","215","215","","","","","","","","","IEBLELBI_00093"
"group_156","","hypothetical protein","1","1","1","1","133","28","1","","221","221","221","","","","","","","","","IEBLELBI_00094"
"group_9","","hypothetical protein","1","1","1","1","97","2","6","","116","116","116","","NBJBEIJA_00087","","","","","","",""
