"Gene","Non-unique Gene name","Annotation","No. isolates","No. sequences","Avg sequences per isolate","Genome Fragment","Order within Fragment","Accessory Fragment","Accessory Order with Fragment","QC","Min group size nuc","Max group size nuc","Avg group size nuc","Ben","Bill","Bob","Bop","CCS1","Car","Carl","TEX","V12"
"group_1","","Virion protein 4","9","9","1","1","96","","","","440","458","445","DPJGIINP_00029","BMFEEFKN_00167","MLFNPOEP_00164","LPIHEJCG_00183","ILFNCBME_00174","HGEFLFKG_00166","AHGFFIMK_00156","OFPAFGCJ_00165","GLLPMOLK_00187"
"group_116","","hypothetical protein","9","9","1","1","60","","","","3320","3464","3374","DPJGIINP_00058","BMFEEFKN_00138","MLFNPOEP_00134","LPIHEJCG_00154","ILFNCBME_00142","HGEFLFKG_00136","AHGFFIMK_00124","OFPAFGCJ_00137","GLLPMOLK_00158"
"group_127","","hypothetical protein","9","9","1","1","341","","","","2516","3185","2740","DPJGIINP_00069","BMFEEFKN_00127","MLFNPOEP_00123","LPIHEJCG_00143","ILFNCBME_00129","HGEFLFKG_00125","AHGFFIMK_00113","OFPAFGCJ_00126","GLLPMOLK_00147"
"group_13","","hypothetical protein","9","9","1","1","337","","","","128","146","144","DPJGIINP_00065","BMFEEFKN_00131","MLFNPOEP_00127","LPIHEJCG_00147","ILFNCBME_00133","HGEFLFKG_00129","AHGFFIMK_00117","OFPAFGCJ_00130","GLLPMOLK_00151"
"group_134","","hypothetical protein","9","9","1","1","111","","","","464","467","465","DPJGIINP_00016","BMFEEFKN_00180","MLFNPOEP_00177","LPIHEJCG_00197","ILFNCBME_00189","HGEFLFKG_00179","AHGFFIMK_00169","OFPAFGCJ_00180","GLLPMOLK_00200"
"group_135","","hypothetical protein","9","9","1","1","110","","","","689","695","693","DPJGIINP_00017","BMFEEFKN_00179","MLFNPOEP_00176","LPIHEJCG_00196","ILFNCBME_00188","HGEFLFKG_00178","AHGFFIMK_00168","OFPAFGCJ_00179","GLLPMOLK_00199"
"group_137","","hypothetical protein","9","9","1","1","103","","","","503","506","504","DPJGIINP_00022","BMFEEFKN_00174","MLFNPOEP_00171","LPIHEJCG_00191","ILFNCBME_00183","HGEFLFKG_00173","AHGFFIMK_00163","OFPAFGCJ_00174","GLLPMOLK_00194"
"group_138","","hypothetical protein","9","9","1","1","102","","","","740","740","740","DPJGIINP_00023","BMFEEFKN_00173","MLFNPOEP_00170","LPIHEJCG_00190","ILFNCBME_00182","HGEFLFKG_00172","AHGFFIMK_00162","OFPAFGCJ_00173","GLLPMOLK_00193"
"group_139","","hypothetical protein","9","9","1","1","101","","","","620","644","636","DPJGIINP_00024","BMFEEFKN_00172","MLFNPOEP_00169","LPIHEJCG_00189","ILFNCBME_00181","HGEFLFKG_00171","AHGFFIMK_00161","OFPAFGCJ_00172","GLLPMOLK_00192"
"group_14","","hypothetical protein","9","9","1","1","338","","","","263","728","626","DPJGIINP_00066","BMFEEFKN_00130","MLFNPOEP_00126","LPIHEJCG_00146","ILFNCBME_00132","HGEFLFKG_00128","AHGFFIMK_00116","OFPAFGCJ_00129","GLLPMOLK_00150"
"group_140","","hypothetical protein","9","9","1","1","100","","","","368","374","370","DPJGIINP_00025","BMFEEFKN_00171","MLFNPOEP_00168","LPIHEJCG_00188","ILFNCBME_00180","HGEFLFKG_00170","AHGFFIMK_00160","OFPAFGCJ_00171","GLLPMOLK_00191"
"group_141","","hypothetical protein","9","9","1","1","99","","","","1052","1253","1186","DPJGIINP_00026","BMFEEFKN_00170","MLFNPOEP_00167","LPIHEJCG_00187","ILFNCBME_00179","HGEFLFKG_00169","AHGFFIMK_00159","OFPAFGCJ_00170","GLLPMOLK_00190"
"group_142","","hypothetical protein","9","9","1","1","94","","","","224","278","260","DPJGIINP_00031","BMFEEFKN_00165","MLFNPOEP_00162","LPIHEJCG_00181","ILFNCBME_00172","HGEFLFKG_00164","AHGFFIMK_00154","OFPAFGCJ_00163","GLLPMOLK_00185"
"group_143","","hypothetical protein","9","9","1","1","88","","","","347","359","350","DPJGIINP_00035","BMFEEFKN_00161","MLFNPOEP_00158","LPIHEJCG_00177","ILFNCBME_00168","HGEFLFKG_00160","AHGFFIMK_00148","OFPAFGCJ_00159","GLLPMOLK_00181"
"group_144","","hypothetical protein","9","9","1","1","84","","","","311","311","311","DPJGIINP_00037","BMFEEFKN_00159","MLFNPOEP_00154","LPIHEJCG_00175","ILFNCBME_00164","HGEFLFKG_00156","AHGFFIMK_00144","OFPAFGCJ_00157","GLLPMOLK_00179"
"group_145","","hypothetical protein","9","9","1","1","83","","","","794","794","794","DPJGIINP_00038","BMFEEFKN_00158","MLFNPOEP_00153","LPIHEJCG_00174","ILFNCBME_00163","HGEFLFKG_00155","AHGFFIMK_00143","OFPAFGCJ_00156","GLLPMOLK_00178"
"group_147","","hypothetical protein","9","9","1","1","79","","","","668","677","674","DPJGIINP_00042","BMFEEFKN_00154","MLFNPOEP_00150","LPIHEJCG_00170","ILFNCBME_00159","HGEFLFKG_00152","AHGFFIMK_00140","OFPAFGCJ_00152","GLLPMOLK_00174"
"group_150","","hypothetical protein","9","9","1","1","71","","","","1052","1058","1055","DPJGIINP_00049","BMFEEFKN_00147","MLFNPOEP_00143","LPIHEJCG_00163","ILFNCBME_00151","HGEFLFKG_00145","AHGFFIMK_00133","OFPAFGCJ_00145","GLLPMOLK_00167"
"group_151","","Exonuclease subunit 2","9","9","1","1","69","","","","1892","1892","1892","DPJGIINP_00051","BMFEEFKN_00145","MLFNPOEP_00141","LPIHEJCG_00161","ILFNCBME_00149","HGEFLFKG_00143","AHGFFIMK_00131","OFPAFGCJ_00143","GLLPMOLK_00165"
"group_152","","hypothetical protein","9","9","1","1","67","","","","1040","1055","1045","DPJGIINP_00052","BMFEEFKN_00143","MLFNPOEP_00140","LPIHEJCG_00160","ILFNCBME_00148","HGEFLFKG_00142","AHGFFIMK_00130","OFPAFGCJ_00142","GLLPMOLK_00164"
"group_153","","hypothetical protein","9","9","1","1","66","","","","1472","1472","1472","DPJGIINP_00053","BMFEEFKN_00142","MLFNPOEP_00139","LPIHEJCG_00159","ILFNCBME_00147","HGEFLFKG_00141","AHGFFIMK_00129","OFPAFGCJ_00141","GLLPMOLK_00163"
"group_154","","hypothetical protein","9","9","1","1","65","","","","1490","1643","1592","DPJGIINP_00054","BMFEEFKN_00141","MLFNPOEP_00138","LPIHEJCG_00158","ILFNCBME_00146","HGEFLFKG_00140","AHGFFIMK_00128","OFPAFGCJ_00140","GLLPMOLK_00162"
"group_156","","Virion protein 3","9","9","1","1","330","","","","479","479","479","DPJGIINP_00059","BMFEEFKN_00137","MLFNPOEP_00133","LPIHEJCG_00153","ILFNCBME_00141","HGEFLFKG_00135","AHGFFIMK_00123","OFPAFGCJ_00136","GLLPMOLK_00157"
"group_157","","hypothetical protein","9","9","1","1","335","","","","536","536","536","DPJGIINP_00063","BMFEEFKN_00133","MLFNPOEP_00129","LPIHEJCG_00149","ILFNCBME_00135","HGEFLFKG_00131","AHGFFIMK_00119","OFPAFGCJ_00132","GLLPMOLK_00153"
"group_158","","hypothetical protein","9","9","1","1","349","","","","845","845","845","DPJGIINP_00076","BMFEEFKN_00119","MLFNPOEP_00116","LPIHEJCG_00136","ILFNCBME_00122","HGEFLFKG_00118","AHGFFIMK_00106","OFPAFGCJ_00119","GLLPMOLK_00140"
"group_159","","hypothetical protein","9","9","1","1","350","","","","623","623","623","DPJGIINP_00077","BMFEEFKN_00118","MLFNPOEP_00115","LPIHEJCG_00135","ILFNCBME_00121","HGEFLFKG_00117","AHGFFIMK_00105","OFPAFGCJ_00118","GLLPMOLK_00139"
"group_16","","hypothetical protein","9","9","1","1","340","","","","5477","7964","6506","DPJGIINP_00068","BMFEEFKN_00128","MLFNPOEP_00124","LPIHEJCG_00144","ILFNCBME_00130","HGEFLFKG_00126","AHGFFIMK_00114","OFPAFGCJ_00127","GLLPMOLK_00148"
"group_160","","hypothetical protein","9","9","1","1","351","","","","869","872","871","DPJGIINP_00078","BMFEEFKN_00117","MLFNPOEP_00114","LPIHEJCG_00134","ILFNCBME_00120","HGEFLFKG_00116","AHGFFIMK_00104","OFPAFGCJ_00117","GLLPMOLK_00138"
"group_161","","hypothetical protein","9","9","1","1","352","","","","896","899","897","DPJGIINP_00079","BMFEEFKN_00116","MLFNPOEP_00113","LPIHEJCG_00133","ILFNCBME_00119","HGEFLFKG_00115","AHGFFIMK_00103","OFPAFGCJ_00116","GLLPMOLK_00137"
"group_162","","hypothetical protein","9","9","1","1","353","","","","251","263","255","DPJGIINP_00080","BMFEEFKN_00115","MLFNPOEP_00112","LPIHEJCG_00132","ILFNCBME_00118","HGEFLFKG_00114","AHGFFIMK_00102","OFPAFGCJ_00115","GLLPMOLK_00136"
"group_163","","hypothetical protein","9","9","1","1","362","","","","716","827","790","DPJGIINP_00088","BMFEEFKN_00107","MLFNPOEP_00104","LPIHEJCG_00124","ILFNCBME_00110","HGEFLFKG_00106","AHGFFIMK_00094","OFPAFGCJ_00107","GLLPMOLK_00128"
"group_164","","hypothetical protein","9","9","1","1","363","","","","788","845","826","DPJGIINP_00089","BMFEEFKN_00106","MLFNPOEP_00103","LPIHEJCG_00123","ILFNCBME_00109","HGEFLFKG_00105","AHGFFIMK_00093","OFPAFGCJ_00106","GLLPMOLK_00127"
"group_165","","hypothetical protein","9","9","1","1","371","","","","428","428","428","DPJGIINP_00091","BMFEEFKN_00104","MLFNPOEP_00099","LPIHEJCG_00121","ILFNCBME_00107","HGEFLFKG_00097","AHGFFIMK_00089","OFPAFGCJ_00104","GLLPMOLK_00123"
"group_167","","hypothetical protein","9","9","1","1","375","","","","344","347","346","DPJGIINP_00093","BMFEEFKN_00102","MLFNPOEP_00096","LPIHEJCG_00119","ILFNCBME_00104","HGEFLFKG_00094","AHGFFIMK_00086","OFPAFGCJ_00102","GLLPMOLK_00121"
"group_169","","hypothetical protein","9","9","1","1","385","","","","224","224","224","DPJGIINP_00125","BMFEEFKN_00083","MLFNPOEP_00085","LPIHEJCG_00086","ILFNCBME_00070","HGEFLFKG_00083","AHGFFIMK_00075","OFPAFGCJ_00071","GLLPMOLK_00087"
"group_170","","hypothetical protein","9","9","1","1","386","","","","230","230","230","DPJGIINP_00127","BMFEEFKN_00081","MLFNPOEP_00084","LPIHEJCG_00084","ILFNCBME_00068","HGEFLFKG_00082","AHGFFIMK_00074","OFPAFGCJ_00069","GLLPMOLK_00085"
"group_29","","hypothetical protein","9","9","1","1","332","","","","992","4223","2465","DPJGIINP_00060","BMFEEFKN_00136","MLFNPOEP_00132","LPIHEJCG_00152","ILFNCBME_00138","HGEFLFKG_00134","AHGFFIMK_00122","OFPAFGCJ_00135","GLLPMOLK_00156"
"group_31","","hypothetical protein","9","9","1","1","296","","","","881","962","947","DPJGIINP_00145","BMFEEFKN_00063","MLFNPOEP_00076","LPIHEJCG_00065","ILFNCBME_00052","HGEFLFKG_00074","AHGFFIMK_00059","OFPAFGCJ_00054","GLLPMOLK_00067"
"group_34","","hypothetical protein","9","9","1","1","261","","","","608","611","609","DPJGIINP_00164","BMFEEFKN_00044","MLFNPOEP_00056","LPIHEJCG_00047","ILFNCBME_00039","HGEFLFKG_00054","AHGFFIMK_00040","OFPAFGCJ_00040","GLLPMOLK_00052"
"group_35","","hypothetical protein","9","9","1","1","260","","","","182","257","239","DPJGIINP_00165","BMFEEFKN_00043","MLFNPOEP_00055","LPIHEJCG_00046","ILFNCBME_00038","HGEFLFKG_00053","AHGFFIMK_00039","OFPAFGCJ_00039","GLLPMOLK_00051"
"group_36","","hypothetical protein","9","9","1","1","259","","","","683","740","721","DPJGIINP_00166","BMFEEFKN_00042","MLFNPOEP_00053","LPIHEJCG_00045","ILFNCBME_00037","HGEFLFKG_00051","AHGFFIMK_00037","OFPAFGCJ_00038","GLLPMOLK_00050"
"group_4","","hypothetical protein","9","9","1","1","366","","","","326","1835","1206","DPJGIINP_00090","BMFEEFKN_00105","MLFNPOEP_00102","LPIHEJCG_00122","ILFNCBME_00108","HGEFLFKG_00102","AHGFFIMK_00092","OFPAFGCJ_00105","GLLPMOLK_00126"
"group_43","","hypothetical protein","9","9","1","1","98","","","","905","953","932","DPJGIINP_00027","BMFEEFKN_00169","MLFNPOEP_00166","LPIHEJCG_00186","ILFNCBME_00178","HGEFLFKG_00168","AHGFFIMK_00158","OFPAFGCJ_00169","GLLPMOLK_00189"
"group_45","","hypothetical protein","9","9","1","1","92","","","","698","1127","1079","DPJGIINP_00033","BMFEEFKN_00163","MLFNPOEP_00160","LPIHEJCG_00179","ILFNCBME_00170","HGEFLFKG_00162","AHGFFIMK_00152","OFPAFGCJ_00161","GLLPMOLK_00183"
"group_47","","hypothetical protein","9","9","1","1","342","","","","3644","3656","3652","DPJGIINP_00070","BMFEEFKN_00126","MLFNPOEP_00122","LPIHEJCG_00142","ILFNCBME_00128","HGEFLFKG_00124","AHGFFIMK_00112","OFPAFGCJ_00125","GLLPMOLK_00146"
"group_48","","Putative tail sheath protein","9","9","1","1","347","","","","1709","1709","1709","DPJGIINP_00074","BMFEEFKN_00121","MLFNPOEP_00117","LPIHEJCG_00138","ILFNCBME_00124","HGEFLFKG_00119","AHGFFIMK_00107","OFPAFGCJ_00121","GLLPMOLK_00142"
"group_49","","Putative major capsid protein","9","9","1","1","354","","","","1394","1421","1412","DPJGIINP_00081","BMFEEFKN_00114","MLFNPOEP_00111","LPIHEJCG_00131","ILFNCBME_00117","HGEFLFKG_00113","AHGFFIMK_00101","OFPAFGCJ_00114","GLLPMOLK_00135"
"group_50","","hypothetical protein","9","9","1","1","356","","","","470","788","682","DPJGIINP_00083","BMFEEFKN_00112","MLFNPOEP_00109","LPIHEJCG_00129","ILFNCBME_00115","HGEFLFKG_00111","AHGFFIMK_00099","OFPAFGCJ_00112","GLLPMOLK_00133"
"group_51","","hypothetical protein","9","9","1","1","360","","","","869","1268","1129","DPJGIINP_00086","BMFEEFKN_00109","MLFNPOEP_00106","LPIHEJCG_00126","ILFNCBME_00112","HGEFLFKG_00108","AHGFFIMK_00096","OFPAFGCJ_00109","GLLPMOLK_00130"
"group_57","","hypothetical protein","9","9","1","1","263","","","","317","350","339","DPJGIINP_00161","BMFEEFKN_00047","MLFNPOEP_00057","LPIHEJCG_00050","ILFNCBME_00042","HGEFLFKG_00055","AHGFFIMK_00041","OFPAFGCJ_00043","GLLPMOLK_00054"
"group_77","","hypothetical protein","9","9","1","1","107","","","","857","866","863","DPJGIINP_00021","BMFEEFKN_00175","MLFNPOEP_00173","LPIHEJCG_00192","ILFNCBME_00184","HGEFLFKG_00175","AHGFFIMK_00165","OFPAFGCJ_00175","GLLPMOLK_00195"
"group_78","","hypothetical protein","9","9","1","1","93","","","","314","329","324","DPJGIINP_00032","BMFEEFKN_00164","MLFNPOEP_00161","LPIHEJCG_00180","ILFNCBME_00171","HGEFLFKG_00163","AHGFFIMK_00153","OFPAFGCJ_00162","GLLPMOLK_00184"
"group_79","","hypothetical protein","9","9","1","1","90","","","","1139","1289","1189","DPJGIINP_00034","BMFEEFKN_00162","MLFNPOEP_00159","LPIHEJCG_00178","ILFNCBME_00169","HGEFLFKG_00161","AHGFFIMK_00149","OFPAFGCJ_00160","GLLPMOLK_00182"
"group_8","","hypothetical protein","9","9","1","1","339","","","","2411","2414","2412","DPJGIINP_00067","BMFEEFKN_00129","MLFNPOEP_00125","LPIHEJCG_00145","ILFNCBME_00131","HGEFLFKG_00127","AHGFFIMK_00115","OFPAFGCJ_00128","GLLPMOLK_00149"
"group_83","","hypothetical protein","9","9","1","1","76","","","","368","371","369","DPJGIINP_00044","BMFEEFKN_00152","MLFNPOEP_00149","LPIHEJCG_00168","ILFNCBME_00157","HGEFLFKG_00151","AHGFFIMK_00139","OFPAFGCJ_00150","GLLPMOLK_00172"
"group_84","","hypothetical protein","9","9","1","1","70","","","","659","665","661","DPJGIINP_00050","BMFEEFKN_00146","MLFNPOEP_00142","LPIHEJCG_00162","ILFNCBME_00150","HGEFLFKG_00144","AHGFFIMK_00132","OFPAFGCJ_00144","GLLPMOLK_00166"
"group_85","","hypothetical protein","9","9","1","1","64","","","","1772","3044","1915","DPJGIINP_00055","BMFEEFKN_00140","MLFNPOEP_00137","LPIHEJCG_00157","ILFNCBME_00145","HGEFLFKG_00139","AHGFFIMK_00127","OFPAFGCJ_00139","GLLPMOLK_00161"
"group_87","","hypothetical protein","9","9","1","1","333","","","","1001","1052","1018","DPJGIINP_00061","BMFEEFKN_00135","MLFNPOEP_00131","LPIHEJCG_00151","ILFNCBME_00137","HGEFLFKG_00133","AHGFFIMK_00121","OFPAFGCJ_00134","GLLPMOLK_00155"
"group_88","","hypothetical protein","9","9","1","1","334","","","","704","704","704","DPJGIINP_00062","BMFEEFKN_00134","MLFNPOEP_00130","LPIHEJCG_00150","ILFNCBME_00136","HGEFLFKG_00132","AHGFFIMK_00120","OFPAFGCJ_00133","GLLPMOLK_00154"
"group_89","","hypothetical protein","9","9","1","1","336","","","","683","689","685","DPJGIINP_00064","BMFEEFKN_00132","MLFNPOEP_00128","LPIHEJCG_00148","ILFNCBME_00134","HGEFLFKG_00130","AHGFFIMK_00118","OFPAFGCJ_00131","GLLPMOLK_00152"
"group_9","","hypothetical protein","9","9","1","1","113","","","","2273","2444","2373","DPJGIINP_00014","BMFEEFKN_00182","MLFNPOEP_00178","LPIHEJCG_00199","ILFNCBME_00194","HGEFLFKG_00180","AHGFFIMK_00170","OFPAFGCJ_00185","GLLPMOLK_00202"
"group_90","","hypothetical protein","9","9","1","1","343","","","","575","593","587","DPJGIINP_00071","BMFEEFKN_00125","MLFNPOEP_00121","LPIHEJCG_00141","ILFNCBME_00127","HGEFLFKG_00123","AHGFFIMK_00111","OFPAFGCJ_00124","GLLPMOLK_00145"
"group_91","","hypothetical protein","9","9","1","1","344","","","","473","473","473","DPJGIINP_00072","BMFEEFKN_00124","MLFNPOEP_00120","LPIHEJCG_00140","ILFNCBME_00126","HGEFLFKG_00122","AHGFFIMK_00110","OFPAFGCJ_00123","GLLPMOLK_00144"
"group_92","","Virion protein 5","9","9","1","1","346","","","","392","422","415","DPJGIINP_00073","BMFEEFKN_00122","MLFNPOEP_00118","LPIHEJCG_00139","ILFNCBME_00125","HGEFLFKG_00120","AHGFFIMK_00108","OFPAFGCJ_00122","GLLPMOLK_00143"
"group_94","","hypothetical protein","9","9","1","1","357","","","","1559","1658","1583","DPJGIINP_00084","BMFEEFKN_00111","MLFNPOEP_00108","LPIHEJCG_00128","ILFNCBME_00114","HGEFLFKG_00110","AHGFFIMK_00098","OFPAFGCJ_00111","GLLPMOLK_00132"
"group_98","","hypothetical protein","9","9","1","1","317","","","","239","242","240","DPJGIINP_00134","BMFEEFKN_00074","MLFNPOEP_00081","LPIHEJCG_00076","ILFNCBME_00060","HGEFLFKG_00079","AHGFFIMK_00071","OFPAFGCJ_00062","GLLPMOLK_00078"
"group_11","","hypothetical protein","8","8","1","1","87","","","","479","2936","2225","DPJGIINP_00036","BMFEEFKN_00160","MLFNPOEP_00157","LPIHEJCG_00176","ILFNCBME_00167","HGEFLFKG_00159","","OFPAFGCJ_00158","GLLPMOLK_00180"
"group_20","","hypothetical protein","8","8","1","1","161","","","","128","140","134","DPJGIINP_00004","","MLFNPOEP_00208","LPIHEJCG_00209","ILFNCBME_00203","HGEFLFKG_00205","AHGFFIMK_00195","OFPAFGCJ_00195","GLLPMOLK_00001"
"group_27","","hypothetical protein","8","8","1","1","72","","","","662","884","854","DPJGIINP_00048","","MLFNPOEP_00145","LPIHEJCG_00164","ILFNCBME_00152","HGEFLFKG_00147","AHGFFIMK_00135","OFPAFGCJ_00146","GLLPMOLK_00168"
"group_3","","hypothetical protein","8","8","1","1","50","","","","962","1445","1168","DPJGIINP_00030","BMFEEFKN_00166","MLFNPOEP_00163","LPIHEJCG_00182","ILFNCBME_00173","HGEFLFKG_00165","","OFPAFGCJ_00164","GLLPMOLK_00186"
"group_100","","hypothetical protein","7","7","1","1","293","2","18","","857","857","857","DPJGIINP_00148","BMFEEFKN_00060","","LPIHEJCG_00062","ILFNCBME_00049","","AHGFFIMK_00062","OFPAFGCJ_00051","GLLPMOLK_00064"
"group_101","","hypothetical protein","7","7","1","1","294","2","19","","149","203","195","DPJGIINP_00149","BMFEEFKN_00059","","LPIHEJCG_00061","ILFNCBME_00048","","AHGFFIMK_00061","OFPAFGCJ_00050","GLLPMOLK_00063"
"group_102","","hypothetical protein","7","7","1","1","130","2","49","","143","758","527","DPJGIINP_00152","BMFEEFKN_00056","MLFNPOEP_00194","LPIHEJCG_00058","","HGEFLFKG_00195","AHGFFIMK_00185","","GLLPMOLK_00060"
"group_117","","hypothetical protein","7","7","1","1","249","1","129","","518","518","518","","","MLFNPOEP_00044","LPIHEJCG_00021","ILFNCBME_00015","HGEFLFKG_00042","AHGFFIMK_00028","OFPAFGCJ_00017","GLLPMOLK_00027"
"group_32","","hypothetical protein","7","7","1","1","295","2","29","","92","404","309","DPJGIINP_00150","BMFEEFKN_00058","","LPIHEJCG_00060","ILFNCBME_00047","","AHGFFIMK_00060","OFPAFGCJ_00049","GLLPMOLK_00062"
"group_86","","hypothetical protein","7","7","1","1","62","9","2","","953","962","960","DPJGIINP_00057","","MLFNPOEP_00135","LPIHEJCG_00155","ILFNCBME_00143","HGEFLFKG_00137","AHGFFIMK_00125","","GLLPMOLK_00159"
"group_95","","hypothetical protein","7","7","1","1","377","4","12","","779","1091","1046","DPJGIINP_00104","","MLFNPOEP_00088","LPIHEJCG_00108","ILFNCBME_00093","HGEFLFKG_00086","AHGFFIMK_00078","","GLLPMOLK_00110"
"group_104","","hypothetical protein","6","6","1","1","28","1","3","","263","263","263","DPJGIINP_00169","BMFEEFKN_00039","","LPIHEJCG_00042","ILFNCBME_00034","","","OFPAFGCJ_00035","GLLPMOLK_00047"
"group_105","","hypothetical protein","6","6","1","1","27","1","4","","398","398","398","DPJGIINP_00170","BMFEEFKN_00038","","LPIHEJCG_00041","ILFNCBME_00033","","","OFPAFGCJ_00034","GLLPMOLK_00046"
"group_107","","hypothetical protein","6","6","1","1","20","1","143","","266","266","266","DPJGIINP_00177","BMFEEFKN_00031","","LPIHEJCG_00034","ILFNCBME_00026","","","OFPAFGCJ_00029","GLLPMOLK_00040"
"group_110","","hypothetical protein","6","6","1","1","248","1","128","","227","227","227","DPJGIINP_00194","BMFEEFKN_00014","","LPIHEJCG_00020","ILFNCBME_00014","","","OFPAFGCJ_00016","GLLPMOLK_00026"
"group_113","","hypothetical protein","6","6","1","1","190","1","79","","191","431","271","DPJGIINP_00207","BMFEEFKN_00003","","LPIHEJCG_00007","","HGEFLFKG_00007","AHGFFIMK_00203","","GLLPMOLK_00013"
"group_114","","hypothetical protein","6","6","1","1","188","1","80","","413","413","413","DPJGIINP_00209","BMFEEFKN_00001","","LPIHEJCG_00006","ILFNCBME_00003","","","OFPAFGCJ_00002","GLLPMOLK_00012"
"group_136","","hypothetical protein","6","6","1","1","105","8","1","","548","548","548","DPJGIINP_00020","BMFEEFKN_00176","","LPIHEJCG_00193","ILFNCBME_00185","","","OFPAFGCJ_00176","GLLPMOLK_00196"
"group_146","","hypothetical protein","6","6","1","1","81","7","2","","206","209","208","DPJGIINP_00040","BMFEEFKN_00156","","LPIHEJCG_00172","ILFNCBME_00161","","","OFPAFGCJ_00154","GLLPMOLK_00176"
"group_148","","hypothetical protein","6","6","1","1","56","6","1","","311","311","311","DPJGIINP_00045","BMFEEFKN_00151","","LPIHEJCG_00167","ILFNCBME_00156","","","OFPAFGCJ_00149","GLLPMOLK_00171"
"group_149","","hypothetical protein","6","6","1","1","58","6","3","","236","236","236","DPJGIINP_00047","BMFEEFKN_00149","","LPIHEJCG_00165","ILFNCBME_00154","","","OFPAFGCJ_00147","GLLPMOLK_00169"
"group_15","","hypothetical protein","6","6","1","1","24","1","9","","230","230","230","DPJGIINP_00173","BMFEEFKN_00035","","LPIHEJCG_00038","ILFNCBME_00030","","","OFPAFGCJ_00031","GLLPMOLK_00043"
"group_155","","hypothetical protein","6","6","1","1","61","9","1","","206","206","206","DPJGIINP_00056","BMFEEFKN_00139","","LPIHEJCG_00156","ILFNCBME_00144","","","OFPAFGCJ_00138","GLLPMOLK_00160"
"group_166","","hypothetical protein","6","6","1","1","373","11","1","","209","209","209","DPJGIINP_00092","BMFEEFKN_00103","","LPIHEJCG_00120","ILFNCBME_00106","","","OFPAFGCJ_00103","GLLPMOLK_00122"
"group_171","","hypothetical protein","6","6","1","1","304","5","3","","209","209","209","DPJGIINP_00130","BMFEEFKN_00078","","LPIHEJCG_00081","ILFNCBME_00065","","","OFPAFGCJ_00066","GLLPMOLK_00082"
"nrdD","","Anaerobic ribonucleoside-triphosphate reductase","6","6","1","1","305","5","5","","1919","1919","1919","DPJGIINP_00131","BMFEEFKN_00077","","LPIHEJCG_00080","ILFNCBME_00064","","","OFPAFGCJ_00065","GLLPMOLK_00081"
"group_175","","hypothetical protein","6","6","1","1","306","5","7","","797","815","806","DPJGIINP_00132","BMFEEFKN_00076","","LPIHEJCG_00078","ILFNCBME_00062","","","OFPAFGCJ_00064","GLLPMOLK_00080"
"group_176","","hypothetical protein","6","6","1","1","307","5","6","","758","764","761","DPJGIINP_00133","BMFEEFKN_00075","","LPIHEJCG_00077","ILFNCBME_00061","","","OFPAFGCJ_00063","GLLPMOLK_00079"
"group_178","","hypothetical protein","6","6","1","1","309","3","6","","467","467","467","DPJGIINP_00142","BMFEEFKN_00066","","LPIHEJCG_00068","ILFNCBME_00055","","","OFPAFGCJ_00057","GLLPMOLK_00070"
"group_179","","hypothetical protein","6","6","1","1","283","3","4","","749","749","749","DPJGIINP_00143","BMFEEFKN_00065","","LPIHEJCG_00067","ILFNCBME_00054","","","OFPAFGCJ_00056","GLLPMOLK_00069"
"group_180","","hypothetical protein","6","6","1","1","292","2","17","","614","614","614","DPJGIINP_00147","BMFEEFKN_00061","","LPIHEJCG_00063","ILFNCBME_00050","","","OFPAFGCJ_00052","GLLPMOLK_00065"
"group_183","","hypothetical protein","6","6","1","1","262","13","1","","575","575","575","DPJGIINP_00163","BMFEEFKN_00045","","LPIHEJCG_00048","ILFNCBME_00040","","","OFPAFGCJ_00041","GLLPMOLK_00053"
"group_184","","hypothetical protein","6","6","1","1","30","1","1","","320","320","320","DPJGIINP_00167","BMFEEFKN_00041","","LPIHEJCG_00044","ILFNCBME_00036","","","OFPAFGCJ_00037","GLLPMOLK_00049"
"group_185","","hypothetical protein","6","6","1","1","29","1","2","","1295","1295","1295","DPJGIINP_00168","BMFEEFKN_00040","","LPIHEJCG_00043","ILFNCBME_00035","","","OFPAFGCJ_00036","GLLPMOLK_00048"
"group_186","","hypothetical protein","6","6","1","1","21","1","144","","278","482","346","DPJGIINP_00176","BMFEEFKN_00032","","LPIHEJCG_00035","ILFNCBME_00027","","","OFPAFGCJ_00030","GLLPMOLK_00041"
"group_188","","hypothetical protein","6","6","1","1","218","1","136","","188","188","188","DPJGIINP_00184","BMFEEFKN_00024","","LPIHEJCG_00027","ILFNCBME_00021","","","OFPAFGCJ_00022","GLLPMOLK_00033"
"group_191","","hypothetical protein","6","6","1","1","245","1","130","","197","197","197","DPJGIINP_00191","BMFEEFKN_00017","","LPIHEJCG_00022","ILFNCBME_00016","","","OFPAFGCJ_00018","GLLPMOLK_00028"
"group_21","","hypothetical protein","6","6","1","1","154","1","45","","449","455","452","DPJGIINP_00006","BMFEEFKN_00191","","LPIHEJCG_00207","ILFNCBME_00201","","","OFPAFGCJ_00194","GLLPMOLK_00211"
"group_24","","hypothetical protein","6","6","1","1","145","1","37","","236","236","236","DPJGIINP_00012","BMFEEFKN_00184","","LPIHEJCG_00201","ILFNCBME_00196","","","OFPAFGCJ_00187","GLLPMOLK_00204"
"group_25","","hypothetical protein","6","6","1","1","112","1","36","","560","560","560","DPJGIINP_00013","BMFEEFKN_00183","","LPIHEJCG_00200","ILFNCBME_00195","","","OFPAFGCJ_00186","GLLPMOLK_00203"
"group_26","","hypothetical protein","6","6","1","1","42","10","1","","254","299","289","DPJGIINP_00015","BMFEEFKN_00181","","LPIHEJCG_00198","ILFNCBME_00193","","","OFPAFGCJ_00184","GLLPMOLK_00201"
"group_269","","hypothetical protein","6","6","1","1","146","1","38","","248","248","248","DPJGIINP_00011","BMFEEFKN_00185","","LPIHEJCG_00202","ILFNCBME_00197","","","OFPAFGCJ_00188","GLLPMOLK_00205"
"group_270","","hypothetical protein","6","6","1","1","57","6","2","","311","311","311","DPJGIINP_00046","BMFEEFKN_00150","","LPIHEJCG_00166","ILFNCBME_00155","","","OFPAFGCJ_00148","GLLPMOLK_00170"
"group_271","","hypothetical protein","6","6","1","1","348","17","1","","239","239","239","DPJGIINP_00075","BMFEEFKN_00120","","LPIHEJCG_00137","ILFNCBME_00123","","","OFPAFGCJ_00120","GLLPMOLK_00141"
"group_272","","hypothetical protein","6","6","1","1","326","15","1","","944","944","944","DPJGIINP_00085","BMFEEFKN_00110","","LPIHEJCG_00127","ILFNCBME_00113","","","OFPAFGCJ_00110","GLLPMOLK_00131"
"group_273","","hypothetical protein","6","6","1","1","359","21","1","","356","356","356","DPJGIINP_00087","BMFEEFKN_00108","","LPIHEJCG_00125","ILFNCBME_00111","","","OFPAFGCJ_00108","GLLPMOLK_00129"
"group_274","","hypothetical protein","6","6","1","1","387","5","1","","305","305","305","DPJGIINP_00128","BMFEEFKN_00080","","LPIHEJCG_00083","ILFNCBME_00067","","","OFPAFGCJ_00068","GLLPMOLK_00084"
"group_275","","hypothetical protein","6","6","1","1","1","5","2","","659","662","661","DPJGIINP_00129","BMFEEFKN_00079","","LPIHEJCG_00082","ILFNCBME_00066","","","OFPAFGCJ_00067","GLLPMOLK_00083"
"group_277","","hypothetical protein","6","6","1","1","315","3","10","","1127","1127","1127","DPJGIINP_00138","BMFEEFKN_00070","","LPIHEJCG_00072","ILFNCBME_00058","","","OFPAFGCJ_00060","GLLPMOLK_00074"
"group_278","","hypothetical protein","6","6","1","1","311","3","7","","737","743","741","DPJGIINP_00139","BMFEEFKN_00069","","LPIHEJCG_00071","ILFNCBME_00056","","","OFPAFGCJ_00058","GLLPMOLK_00073"
"group_286","","hypothetical protein","6","6","1","1","221","1","135","","1244","1244","1244","DPJGIINP_00185","BMFEEFKN_00023","","LPIHEJCG_00026","ILFNCBME_00020","","","OFPAFGCJ_00021","GLLPMOLK_00032"
"group_293","","hypothetical protein","6","6","1","1","381","4","6","","182","185","183","DPJGIINP_00117","BMFEEFKN_00091","","LPIHEJCG_00094","ILFNCBME_00080","","","OFPAFGCJ_00079","GLLPMOLK_00097"
"group_30","","hypothetical protein","6","6","1","1","284","3","3","","623","629","627","DPJGIINP_00144","BMFEEFKN_00064","","LPIHEJCG_00066","ILFNCBME_00053","","","OFPAFGCJ_00055","GLLPMOLK_00068"
"group_33","","hypothetical protein","6","6","1","1","288","2","26","","260","422","315","DPJGIINP_00157","BMFEEFKN_00051","","LPIHEJCG_00054","ILFNCBME_00045","","","OFPAFGCJ_00047","GLLPMOLK_00056"
"group_37","","hypothetical protein","6","6","1","1","14","1","139","","740","743","741","DPJGIINP_00183","BMFEEFKN_00025","","LPIHEJCG_00028","ILFNCBME_00022","","","OFPAFGCJ_00023","GLLPMOLK_00034"
"group_38","","hypothetical protein","6","6","1","1","172","1","25","","272","383","364","DPJGIINP_00211","BMFEEFKN_00199","","LPIHEJCG_00005","ILFNCBME_00001","","","OFPAFGCJ_00202","GLLPMOLK_00010"
"group_41","","hypothetical protein","6","6","1","1","46","8","2","","1727","1727","1727","DPJGIINP_00018","BMFEEFKN_00178","","LPIHEJCG_00195","ILFNCBME_00187","","","OFPAFGCJ_00178","GLLPMOLK_00198"
"group_42","","hypothetical protein","6","6","1","1","104","8","3","","848","848","848","DPJGIINP_00019","BMFEEFKN_00177","","LPIHEJCG_00194","ILFNCBME_00186","","","OFPAFGCJ_00177","GLLPMOLK_00197"
"group_44","","hypothetical protein","6","6","1","1","47","12","1","","269","269","269","DPJGIINP_00028","BMFEEFKN_00168","","LPIHEJCG_00185","ILFNCBME_00177","","","OFPAFGCJ_00168","GLLPMOLK_00188"
"group_52","","Virion protein 6","6","6","1","1","322","4","7","","263","263","263","DPJGIINP_00094","BMFEEFKN_00101","","LPIHEJCG_00118","ILFNCBME_00103","","","OFPAFGCJ_00101","GLLPMOLK_00120"
"group_53","","hypothetical protein","6","6","1","1","383","4","4","","368","368","368","DPJGIINP_00120","BMFEEFKN_00088","","LPIHEJCG_00091","ILFNCBME_00076","","","OFPAFGCJ_00076","GLLPMOLK_00093"
"group_54","","hypothetical protein","6","6","1","1","6","2","16","","293","293","293","DPJGIINP_00146","BMFEEFKN_00062","","LPIHEJCG_00064","ILFNCBME_00051","","","OFPAFGCJ_00053","GLLPMOLK_00066"
"group_55","","hypothetical protein","6","6","1","1","291","2","28","","563","563","563","DPJGIINP_00154","BMFEEFKN_00054","","LPIHEJCG_00056","ILFNCBME_00046","","","OFPAFGCJ_00048","GLLPMOLK_00058"
"group_56","","hypothetical protein","6","6","1","1","8","2","24","","224","491","268","DPJGIINP_00160","BMFEEFKN_00048","","LPIHEJCG_00051","ILFNCBME_00043","","","OFPAFGCJ_00044","GLLPMOLK_00055"
"group_58","","hypothetical protein","6","6","1","1","26","1","5","","446","470","450","DPJGIINP_00171","BMFEEFKN_00037","","LPIHEJCG_00040","ILFNCBME_00032","","","OFPAFGCJ_00033","GLLPMOLK_00045"
"group_59","","hypothetical protein","6","6","1","1","25","1","6","","296","296","296","DPJGIINP_00172","BMFEEFKN_00036","","LPIHEJCG_00039","ILFNCBME_00031","","","OFPAFGCJ_00032","GLLPMOLK_00044"
"group_61","","hypothetical protein","6","6","1","1","19","1","142","","851","854","852","DPJGIINP_00178","BMFEEFKN_00030","","LPIHEJCG_00033","ILFNCBME_00025","","","OFPAFGCJ_00028","GLLPMOLK_00039"
"group_62","","hypothetical protein","6","6","1","1","16","1","141","","110","758","643","DPJGIINP_00181","BMFEEFKN_00027","","LPIHEJCG_00030","ILFNCBME_00024","","","OFPAFGCJ_00025","GLLPMOLK_00036"
"group_63","","hypothetical protein","6","6","1","1","219","1","131","","164","164","164","DPJGIINP_00190","BMFEEFKN_00018","","LPIHEJCG_00023","ILFNCBME_00017","","","OFPAFGCJ_00019","GLLPMOLK_00029"
"group_64","","hypothetical protein","6","6","1","1","224","1","96","","311","320","316","DPJGIINP_00197","","MLFNPOEP_00024","LPIHEJCG_00018","","HGEFLFKG_00022","AHGFFIMK_00008","","GLLPMOLK_00024"
"group_74","","hypothetical protein","6","6","1","1","38","1","47","","188","188","188","DPJGIINP_00003","BMFEEFKN_00193","","LPIHEJCG_00210","ILFNCBME_00204","","","OFPAFGCJ_00196","GLLPMOLK_00002"
"group_76","","hypothetical protein","6","6","1","1","151","1","42","","326","332","330","DPJGIINP_00008","BMFEEFKN_00189","","LPIHEJCG_00205","ILFNCBME_00199","","","OFPAFGCJ_00192","GLLPMOLK_00208"
"group_80","","hypothetical protein","6","6","1","1","82","7","3","","422","422","422","DPJGIINP_00039","BMFEEFKN_00157","","LPIHEJCG_00173","ILFNCBME_00162","","","OFPAFGCJ_00155","GLLPMOLK_00177"
"group_81","","hypothetical protein","6","6","1","1","80","7","1","","365","365","365","DPJGIINP_00041","BMFEEFKN_00155","","LPIHEJCG_00171","ILFNCBME_00160","","","OFPAFGCJ_00153","GLLPMOLK_00175"
"group_93","","hypothetical protein","6","6","1","1","327","14","1","","473","473","473","DPJGIINP_00082","BMFEEFKN_00113","","LPIHEJCG_00130","ILFNCBME_00116","","","OFPAFGCJ_00113","GLLPMOLK_00134"
"group_97","","hypothetical protein","6","6","1","1","320","18","1","","1532","1535","1533","DPJGIINP_00126","BMFEEFKN_00082","","LPIHEJCG_00085","ILFNCBME_00069","","","OFPAFGCJ_00070","GLLPMOLK_00086"
"group_99","","hypothetical protein","6","6","1","1","316","3","9","","362","377","372","DPJGIINP_00135","BMFEEFKN_00073","","LPIHEJCG_00075","ILFNCBME_00059","","","OFPAFGCJ_00061","GLLPMOLK_00077"
"group_103","","hypothetical protein","5","5","1","1","286","2","23","","254","260","255","DPJGIINP_00159","BMFEEFKN_00049","","LPIHEJCG_00052","ILFNCBME_00044","","","OFPAFGCJ_00045",""
"group_108","","hypothetical protein","5","5","1","1","17","1","11","","242","242","242","DPJGIINP_00180","BMFEEFKN_00028","","LPIHEJCG_00031","","","","OFPAFGCJ_00026","GLLPMOLK_00037"
"group_109","","hypothetical protein","5","5","1","1","223","1","93","","143","272","242","DPJGIINP_00186","BMFEEFKN_00022","","","ILFNCBME_00019","HGEFLFKG_00021","AHGFFIMK_00007","",""
"group_168","","hypothetical protein","5","5","1","1","324","4","9","","251","251","251","DPJGIINP_00111","","","LPIHEJCG_00100","ILFNCBME_00086","","","OFPAFGCJ_00084","GLLPMOLK_00103"
"group_182","","hypothetical protein","5","5","1","1","9","13","2","","530","530","530","DPJGIINP_00162","BMFEEFKN_00046","","LPIHEJCG_00049","ILFNCBME_00041","","","OFPAFGCJ_00042",""
"group_195","","hypothetical protein","5","5","1","1","204","1","70","","146","173","151","DPJGIINP_00203","BMFEEFKN_00008","MLFNPOEP_00012","LPIHEJCG_00012","","","","","GLLPMOLK_00018"
"group_23","","hypothetical protein","5","5","1","1","147","1","35","","134","440","361","DPJGIINP_00010","BMFEEFKN_00186","","LPIHEJCG_00203","","","","OFPAFGCJ_00189","GLLPMOLK_00206"
"group_39","","hypothetical protein","5","5","1","1","159","1","31","","227","236","234","DPJGIINP_00001","BMFEEFKN_00196","MLFNPOEP_00210","","","","","OFPAFGCJ_00198","GLLPMOLK_00005"
"group_60","","hypothetical protein","5","5","1","1","22","1","7","","341","362","345","DPJGIINP_00175","BMFEEFKN_00033","","LPIHEJCG_00036","ILFNCBME_00028","","","","GLLPMOLK_00042"
"group_65","","hypothetical protein","5","5","1","1","208","1","69","","224","227","224","DPJGIINP_00202","BMFEEFKN_00009","MLFNPOEP_00014","LPIHEJCG_00013","","","","","GLLPMOLK_00019"
"group_66","","hypothetical protein","5","5","1","1","170","1","27","","173","173","173","DPJGIINP_00212","BMFEEFKN_00198","","LPIHEJCG_00004","","","","OFPAFGCJ_00201","GLLPMOLK_00008"
"group_67","","hypothetical protein","5","5","1","1","157","1","28","","377","695","504","DPJGIINP_00213","BMFEEFKN_00197","","LPIHEJCG_00003","","","","OFPAFGCJ_00200","GLLPMOLK_00007"
"group_75","","hypothetical protein","5","5","1","1","143","1","46","","275","275","275","DPJGIINP_00005","BMFEEFKN_00192","","LPIHEJCG_00208","ILFNCBME_00202","","","","GLLPMOLK_00212"
"group_82","","hypothetical protein","5","5","1","1","54","20","1","","647","647","647","DPJGIINP_00043","BMFEEFKN_00153","","LPIHEJCG_00169","ILFNCBME_00158","","","","GLLPMOLK_00173"
"group_96","","hypothetical protein","5","5","1","1","379","4","1","","125","125","125","DPJGIINP_00112","","","LPIHEJCG_00099","ILFNCBME_00085","","","OFPAFGCJ_00083","GLLPMOLK_00102"
"group_10","","hypothetical protein","4","4","1","1","85","25","3","","752","2312","1922","","","MLFNPOEP_00155","","ILFNCBME_00165","HGEFLFKG_00157","AHGFFIMK_00145","",""
"group_106","","hypothetical protein","4","4","1","1","23","1","8","","323","446","377","DPJGIINP_00174","BMFEEFKN_00034","","LPIHEJCG_00037","ILFNCBME_00029","","","",""
"group_111","","hypothetical protein","4","4","1","1","175","1","125","","218","227","221","DPJGIINP_00195","BMFEEFKN_00013","","","ILFNCBME_00013","","","OFPAFGCJ_00015",""
"group_112","","hypothetical protein","4","4","1","1","180","1","121","","212","212","212","DPJGIINP_00198","BMFEEFKN_00011","","","ILFNCBME_00009","","","OFPAFGCJ_00010",""
"group_115","","hypothetical protein","4","4","1","1","169","1","23","","278","278","278","DPJGIINP_00210","","","","ILFNCBME_00002","","","OFPAFGCJ_00001","GLLPMOLK_00011"
"group_126","","hypothetical protein","4","4","1","1","378","4","10","","95","284","236","","","MLFNPOEP_00086","LPIHEJCG_00101","","HGEFLFKG_00084","AHGFFIMK_00076","",""
"group_130","","hypothetical protein","4","4","1","1","162","1","48","","290","293","292","","","MLFNPOEP_00211","","","HGEFLFKG_00206","AHGFFIMK_00196","OFPAFGCJ_00197",""
"group_133","","hypothetical protein","4","4","1","1","155","1","33","","407","443","416","DPJGIINP_00002","BMFEEFKN_00194","","LPIHEJCG_00211","","","","","GLLPMOLK_00003"
"group_177","","hypothetical protein","4","4","1","1","313","3","1","","548","548","548","DPJGIINP_00136","BMFEEFKN_00072","","LPIHEJCG_00074","","","","","GLLPMOLK_00076"
"group_181","","hypothetical protein","4","4","1","1","128","2","21","","557","557","557","DPJGIINP_00153","BMFEEFKN_00055","","LPIHEJCG_00057","","","","","GLLPMOLK_00059"
"group_187","","hypothetical protein","4","4","1","1","11","1","10","","368","377","374","DPJGIINP_00179","BMFEEFKN_00029","","LPIHEJCG_00032","","","","","GLLPMOLK_00038"
"group_189","","hypothetical protein","4","4","1","1","217","1","134","","437","437","437","DPJGIINP_00188","BMFEEFKN_00020","","LPIHEJCG_00025","","","","","GLLPMOLK_00031"
"group_190","","hypothetical protein","4","4","1","1","216","1","133","","380","386","383","DPJGIINP_00189","BMFEEFKN_00019","","LPIHEJCG_00024","","","","","GLLPMOLK_00030"
"group_192","","hypothetical protein","4","4","1","1","34","1","84","","251","251","251","DPJGIINP_00196","BMFEEFKN_00012","","LPIHEJCG_00017","","","","","GLLPMOLK_00023"
"group_193","","hypothetical protein","4","4","1","1","186","1","82","","266","266","266","DPJGIINP_00200","","","LPIHEJCG_00015","ILFNCBME_00005","","","","GLLPMOLK_00021"
"group_194","","hypothetical protein","4","4","1","1","185","1","64","","188","188","188","DPJGIINP_00201","","","LPIHEJCG_00014","","","","OFPAFGCJ_00005","GLLPMOLK_00020"
"group_197","","hypothetical protein","4","4","1","1","200","1","58","","179","179","179","DPJGIINP_00205","BMFEEFKN_00005","","LPIHEJCG_00009","","","","","GLLPMOLK_00015"
"group_198","","hypothetical protein","4","4","1","1","199","1","56","","197","197","197","DPJGIINP_00206","BMFEEFKN_00004","","LPIHEJCG_00008","","","","","GLLPMOLK_00014"
"group_236","","hypothetical protein","4","4","1","1","374","11","2","","257","260","259","","","MLFNPOEP_00097","","ILFNCBME_00105","HGEFLFKG_00095","AHGFFIMK_00087","",""
"group_276","","hypothetical protein","4","4","1","1","314","3","11","","737","737","737","DPJGIINP_00137","BMFEEFKN_00071","","LPIHEJCG_00073","","","","","GLLPMOLK_00075"
"group_279","","hypothetical protein","4","4","1","1","310","3","2","","329","329","329","DPJGIINP_00140","BMFEEFKN_00068","","LPIHEJCG_00070","","","","","GLLPMOLK_00072"
"group_280","","hypothetical protein","4","4","1","1","308","3","5","","263","263","263","DPJGIINP_00141","BMFEEFKN_00067","","LPIHEJCG_00069","","","","","GLLPMOLK_00071"
"group_281","","hypothetical protein","4","4","1","1","129","2","30","","332","332","332","DPJGIINP_00151","BMFEEFKN_00057","","LPIHEJCG_00059","","","","","GLLPMOLK_00061"
"group_284","","hypothetical protein","4","4","1","1","287","2","22","","212","212","212","DPJGIINP_00158","BMFEEFKN_00050","","LPIHEJCG_00053","","","","OFPAFGCJ_00046",""
"group_40","","hypothetical protein","4","4","1","1","144","1","40","","746","761","751","DPJGIINP_00009","BMFEEFKN_00187","","","","","","OFPAFGCJ_00191","GLLPMOLK_00207"
"group_7","","hypothetical protein","4","4","1","1","370","23","6","","287","1061","674","","","MLFNPOEP_00100","","","HGEFLFKG_00098","AHGFFIMK_00090","","GLLPMOLK_00124"
"group_118","","hypothetical protein","3","3","1","1","272","22","20","","254","254","254","","","MLFNPOEP_00066","","","HGEFLFKG_00063","AHGFFIMK_00049","",""
"group_119","","hypothetical protein","3","3","1","1","274","22","18","","335","362","344","","","MLFNPOEP_00068","","","HGEFLFKG_00065","AHGFFIMK_00051","",""
"group_120","","hypothetical protein","3","3","1","1","277","22","16","","461","461","461","","","MLFNPOEP_00070","","","HGEFLFKG_00068","AHGFFIMK_00053","",""
"group_121","","hypothetical protein","3","3","1","1","278","22","15","","227","227","227","","","MLFNPOEP_00071","","","HGEFLFKG_00069","AHGFFIMK_00054","",""
"group_122","","hypothetical protein","3","3","1","1","279","22","14","","431","431","431","","","MLFNPOEP_00072","","","HGEFLFKG_00070","AHGFFIMK_00055","",""
"group_123","","hypothetical protein","3","3","1","1","280","22","13","","230","230","230","","","MLFNPOEP_00073","","","HGEFLFKG_00071","AHGFFIMK_00056","",""
"bnrdF","","Ribonucleoside-diphosphate reductase subunit beta","3","3","1","1","297","2","15","","329","983","765","","","MLFNPOEP_00077","","","HGEFLFKG_00075","AHGFFIMK_00063","",""
"group_128","","hypothetical protein","3","3","1","1","114","2","35","","506","506","506","","","MLFNPOEP_00179","","","HGEFLFKG_00181","AHGFFIMK_00171","",""
"group_129","","hypothetical protein","3","3","1","1","119","2","40","","788","788","788","","","MLFNPOEP_00185","","","HGEFLFKG_00186","AHGFFIMK_00176","",""
"group_131","","hypothetical protein","3","3","1","1","181","1","120","","143","149","145","","","","LPIHEJCG_00016","ILFNCBME_00008","","","OFPAFGCJ_00009",""
"group_132","","hypothetical protein","3","3","1","1","49","12","3","","404","404","404","","","","LPIHEJCG_00184","ILFNCBME_00175","","","OFPAFGCJ_00166",""
"I4L","","Ribonucleoside-diphosphate reductase large subunit","3","3","1","1","299","2","12","","872","1574","1200","","","MLFNPOEP_00078","","","HGEFLFKG_00076","AHGFFIMK_00068","",""
"group_19","","hypothetical protein","3","3","1","1","301","2","8","","590","1130","770","","","MLFNPOEP_00080","","","HGEFLFKG_00078","AHGFFIMK_00070","",""
"group_200","","hypothetical protein","3","3","1","1","345","16","1","","1106","1112","1108","","BMFEEFKN_00123","","","","HGEFLFKG_00121","AHGFFIMK_00109","",""
"group_202","","hypothetical protein","3","3","1","1","156","1","32","","257","257","257","","BMFEEFKN_00195","","LPIHEJCG_00001","","","","","GLLPMOLK_00004"
"group_203","","hypothetical protein","3","3","1","1","164","1","51","","230","242","234","","","MLFNPOEP_00002","","","HGEFLFKG_00002","AHGFFIMK_00198","",""
"group_204","","hypothetical protein","3","3","1","1","167","1","54","","296","296","296","","","MLFNPOEP_00004","","","HGEFLFKG_00005","AHGFFIMK_00201","",""
"group_205","","hypothetical protein","3","3","1","1","192","1","77","","197","197","197","","","MLFNPOEP_00006","","","HGEFLFKG_00009","AHGFFIMK_00205","",""
"group_206","","hypothetical protein","3","3","1","1","193","1","76","","212","212","212","","","MLFNPOEP_00007","","","HGEFLFKG_00010","AHGFFIMK_00206","",""
"group_207","","hypothetical protein","3","3","1","1","196","1","73","","359","359","359","","","MLFNPOEP_00009","","","HGEFLFKG_00013","AHGFFIMK_00209","",""
"group_208","","hypothetical protein","3","3","1","1","209","1","86","","134","134","134","","","MLFNPOEP_00013","","","HGEFLFKG_00015","AHGFFIMK_00001","",""
"group_209","","hypothetical protein","3","3","1","1","212","1","88","","695","695","695","","","MLFNPOEP_00019","","","HGEFLFKG_00017","AHGFFIMK_00003","",""
"group_210","","hypothetical protein","3","3","1","1","213","1","89","","248","248","248","","","MLFNPOEP_00020","","","HGEFLFKG_00018","AHGFFIMK_00004","",""
"group_211","","hypothetical protein","3","3","1","1","214","1","90","","194","203","200","","","MLFNPOEP_00021","","","HGEFLFKG_00019","AHGFFIMK_00005","",""
"group_212","","hypothetical protein","3","3","1","1","225","1","98","","311","311","311","","","MLFNPOEP_00025","","","HGEFLFKG_00023","AHGFFIMK_00009","",""
"group_213","","hypothetical protein","3","3","1","1","227","1","100","","191","191","191","","","MLFNPOEP_00028","","","HGEFLFKG_00025","AHGFFIMK_00011","",""
"group_214","","hypothetical protein","3","3","1","1","228","1","101","","224","224","224","","","MLFNPOEP_00029","","","HGEFLFKG_00026","AHGFFIMK_00012","",""
"group_215","","hypothetical protein","3","3","1","1","230","1","103","","377","380","379","","","MLFNPOEP_00031","","","HGEFLFKG_00028","AHGFFIMK_00014","",""
"group_216","","hypothetical protein","3","3","1","1","231","1","104","","197","197","197","","","MLFNPOEP_00032","","","HGEFLFKG_00029","AHGFFIMK_00015","",""
"group_217","","hypothetical protein","3","3","1","1","232","1","105","","515","515","515","","","MLFNPOEP_00033","","","HGEFLFKG_00030","AHGFFIMK_00016","",""
"group_218","","hypothetical protein","3","3","1","1","233","1","106","","248","248","248","","","MLFNPOEP_00034","","","HGEFLFKG_00031","AHGFFIMK_00017","",""
"group_219","","hypothetical protein","3","3","1","1","235","1","108","","392","392","392","","","MLFNPOEP_00036","","","HGEFLFKG_00033","AHGFFIMK_00019","",""
"group_220","","hypothetical protein","3","3","1","1","238","1","111","","542","542","542","","","MLFNPOEP_00039","","","HGEFLFKG_00036","AHGFFIMK_00022","",""
"group_221","","hypothetical protein","3","3","1","1","239","1","112","","464","464","464","","","MLFNPOEP_00040","","","HGEFLFKG_00037","AHGFFIMK_00023","",""
"group_222","","hypothetical protein","3","3","1","1","240","1","113","","470","470","470","","","MLFNPOEP_00041","","","HGEFLFKG_00038","AHGFFIMK_00024","",""
"group_223","","hypothetical protein","3","3","1","1","242","1","115","","365","365","365","","","MLFNPOEP_00042","","","HGEFLFKG_00040","AHGFFIMK_00026","",""
"group_224","","hypothetical protein","3","3","1","1","243","1","116","","164","179","174","","","MLFNPOEP_00043","","","HGEFLFKG_00041","AHGFFIMK_00027","",""
"group_225","","hypothetical protein","3","3","1","1","252","1","19","","272","314","286","","","MLFNPOEP_00047","","","HGEFLFKG_00045","AHGFFIMK_00031","",""
"group_226","","hypothetical protein","3","3","1","1","254","1","17","","461","461","461","","","MLFNPOEP_00049","","","HGEFLFKG_00047","AHGFFIMK_00033","",""
"group_227","","hypothetical protein","3","3","1","1","255","1","16","","176","176","176","","","MLFNPOEP_00050","","","HGEFLFKG_00048","AHGFFIMK_00034","",""
"group_228","","hypothetical protein","3","3","1","1","257","1","15","","194","197","196","","","MLFNPOEP_00051","","","HGEFLFKG_00049","AHGFFIMK_00035","",""
"group_229","","hypothetical protein","3","3","1","1","264","22","2","","116","116","116","","","MLFNPOEP_00058","","","HGEFLFKG_00056","AHGFFIMK_00042","",""
"group_230","","hypothetical protein","3","3","1","1","265","22","3","","212","212","212","","","MLFNPOEP_00059","","","HGEFLFKG_00057","AHGFFIMK_00043","",""
"group_231","","hypothetical protein","3","3","1","1","266","22","4","","413","413","413","","","MLFNPOEP_00060","","","HGEFLFKG_00058","AHGFFIMK_00044","",""
"group_232","","hypothetical protein","3","3","1","1","269","22","8","","188","227","214","","","MLFNPOEP_00063","","","HGEFLFKG_00061","AHGFFIMK_00047","",""
"group_233","","hypothetical protein","3","3","1","1","273","22","19","","254","254","254","","","MLFNPOEP_00067","","","HGEFLFKG_00064","AHGFFIMK_00050","",""
"group_234","","hypothetical protein","3","3","1","1","281","22","12","","431","431","431","","","MLFNPOEP_00074","","","HGEFLFKG_00072","AHGFFIMK_00057","",""
"group_235","","Virion protein 6","3","3","1","1","376","4","13","","338","338","338","","","MLFNPOEP_00095","","","HGEFLFKG_00093","AHGFFIMK_00085","",""
"group_238","","hypothetical protein","3","3","1","1","361","31","1","","344","344","344","","","MLFNPOEP_00105","","","HGEFLFKG_00107","AHGFFIMK_00095","",""
"group_239","","hypothetical protein","3","3","1","1","355","34","1","","464","482","473","","","MLFNPOEP_00110","","","HGEFLFKG_00112","AHGFFIMK_00100","",""
"group_240","","hypothetical protein","3","3","1","1","55","29","1","","632","632","632","","","MLFNPOEP_00144","","","HGEFLFKG_00146","AHGFFIMK_00134","",""
"group_241","","hypothetical protein","3","3","1","1","97","32","1","","296","305","299","","","MLFNPOEP_00165","","","HGEFLFKG_00167","AHGFFIMK_00157","",""
"group_242","","hypothetical protein","3","3","1","1","109","28","1","","1628","1637","1631","","","MLFNPOEP_00175","","","HGEFLFKG_00177","AHGFFIMK_00167","",""
"group_243","","hypothetical protein","3","3","1","1","115","2","36","","170","170","170","","","MLFNPOEP_00181","","","HGEFLFKG_00182","AHGFFIMK_00172","",""
"group_244","","hypothetical protein","3","3","1","1","116","2","37","","272","272","272","","","MLFNPOEP_00182","","","HGEFLFKG_00183","AHGFFIMK_00173","",""
"group_245","","hypothetical protein","3","3","1","1","117","2","38","","251","251","251","","","MLFNPOEP_00183","","","HGEFLFKG_00184","AHGFFIMK_00174","",""
"group_246","","hypothetical protein","3","3","1","1","118","2","39","","287","287","287","","","MLFNPOEP_00184","","","HGEFLFKG_00185","AHGFFIMK_00175","",""
"group_247","","hypothetical protein","3","3","1","1","122","2","43","","302","302","302","","","MLFNPOEP_00188","","","HGEFLFKG_00189","AHGFFIMK_00179","",""
"group_248","","hypothetical protein","3","3","1","1","123","2","44","","293","293","293","","","MLFNPOEP_00189","","","HGEFLFKG_00190","AHGFFIMK_00180","",""
"group_249","","hypothetical protein","3","3","1","1","125","2","46","","353","365","361","","","MLFNPOEP_00191","","","HGEFLFKG_00192","AHGFFIMK_00182","",""
"group_250","","hypothetical protein","3","3","1","1","133","2","50","","158","158","158","","","MLFNPOEP_00199","","","HGEFLFKG_00196","AHGFFIMK_00186","",""
"group_251","","hypothetical protein","3","3","1","1","135","2","51","","140","143","141","","","MLFNPOEP_00200","","","HGEFLFKG_00197","AHGFFIMK_00187","",""
"group_252","","hypothetical protein","3","3","1","1","137","2","53","","641","641","641","","","MLFNPOEP_00202","","","HGEFLFKG_00199","AHGFFIMK_00189","",""
"group_253","","hypothetical protein","3","3","1","1","138","2","54","","443","443","443","","","MLFNPOEP_00203","","","HGEFLFKG_00200","AHGFFIMK_00190","",""
"group_254","","hypothetical protein","3","3","1","1","139","2","4","","431","446","441","","","MLFNPOEP_00204","","","HGEFLFKG_00201","AHGFFIMK_00191","",""
"group_255","","hypothetical protein","3","3","1","1","142","2","1","","212","323","286","","","MLFNPOEP_00207","","","HGEFLFKG_00204","AHGFFIMK_00194","",""
"group_256","","hypothetical protein","3","3","1","1","158","1","29","","254","254","254","","","","LPIHEJCG_00002","","","","OFPAFGCJ_00199","GLLPMOLK_00006"
"group_268","","hypothetical protein","3","3","1","1","150","1","34","","299","305","303","DPJGIINP_00007","BMFEEFKN_00190","","LPIHEJCG_00206","","","","",""
"group_290","","hypothetical protein","3","3","1","1","33","1","83","","266","266","266","DPJGIINP_00199","BMFEEFKN_00010","","","","","","","GLLPMOLK_00022"
"group_292","","hypothetical protein","3","3","1","1","202","1","59","","203","203","203","","BMFEEFKN_00006","","LPIHEJCG_00010","","","","","GLLPMOLK_00016"
"group_296","","hypothetical protein","3","3","1","1","165","1","52","","206","206","206","","","MLFNPOEP_00003","","","HGEFLFKG_00003","AHGFFIMK_00199","",""
"group_297","","hypothetical protein","3","3","1","1","191","1","78","","350","350","350","","","MLFNPOEP_00005","","","HGEFLFKG_00008","AHGFFIMK_00204","",""
"group_298","","hypothetical protein","3","3","1","1","195","1","74","","191","191","191","","","MLFNPOEP_00008","","","HGEFLFKG_00012","AHGFFIMK_00208","",""
"group_299","","hypothetical protein","3","3","1","1","197","1","72","","101","101","101","","","MLFNPOEP_00010","","","HGEFLFKG_00014","AHGFFIMK_00210","",""
"group_308","","hypothetical protein","3","3","1","1","236","1","109","","359","359","359","","","MLFNPOEP_00037","","","HGEFLFKG_00034","AHGFFIMK_00020","",""
"group_309","","hypothetical protein","3","3","1","1","237","1","110","","170","170","170","","","MLFNPOEP_00038","","","HGEFLFKG_00035","AHGFFIMK_00021","",""
"group_310","","hypothetical protein","3","3","1","1","250","1","21","","473","473","473","","","MLFNPOEP_00045","","","HGEFLFKG_00043","AHGFFIMK_00029","",""
"group_311","","hypothetical protein","3","3","1","1","251","1","20","","707","707","707","","","MLFNPOEP_00046","","","HGEFLFKG_00044","AHGFFIMK_00030","",""
"group_312","","hypothetical protein","3","3","1","1","253","1","18","","188","188","188","","","MLFNPOEP_00048","","","HGEFLFKG_00046","AHGFFIMK_00032","",""
"group_314","","hypothetical protein","3","3","1","1","10","36","1","","479","479","479","","","MLFNPOEP_00054","","","HGEFLFKG_00052","AHGFFIMK_00038","",""
"group_315","","hypothetical protein","3","3","1","1","267","22","5","","383","383","383","","","MLFNPOEP_00061","","","HGEFLFKG_00059","AHGFFIMK_00045","",""
"group_318","","hypothetical protein","3","3","1","1","271","22","9","","344","344","344","","","MLFNPOEP_00065","","","HGEFLFKG_00062","AHGFFIMK_00048","",""
"group_319","","hypothetical protein","3","3","1","1","282","22","11","","152","152","152","","","MLFNPOEP_00075","","","HGEFLFKG_00073","AHGFFIMK_00058","",""
"group_321","","hypothetical protein","3","3","1","1","318","27","1","","206","206","206","","","MLFNPOEP_00082","","","HGEFLFKG_00080","AHGFFIMK_00072","",""
"group_322","","hypothetical protein","3","3","1","1","319","27","2","","305","305","305","","","MLFNPOEP_00083","","","HGEFLFKG_00081","AHGFFIMK_00073","",""
"group_323","","hypothetical protein","3","3","1","1","372","11","3","","269","269","269","","","MLFNPOEP_00098","","","HGEFLFKG_00096","AHGFFIMK_00088","",""
"group_324","","hypothetical protein","3","3","1","1","358","30","1","","344","344","344","","","MLFNPOEP_00107","","","HGEFLFKG_00109","AHGFFIMK_00097","",""
"group_326","","hypothetical protein","3","3","1","1","63","9","3","","125","125","125","","","MLFNPOEP_00136","","","HGEFLFKG_00138","AHGFFIMK_00126","",""
"group_327","","hypothetical protein","3","3","1","1","73","24","2","","230","230","230","","","MLFNPOEP_00146","","","HGEFLFKG_00148","AHGFFIMK_00136","",""
"group_328","","hypothetical protein","3","3","1","1","74","24","3","","308","308","308","","","MLFNPOEP_00147","","","HGEFLFKG_00149","AHGFFIMK_00137","",""
"group_329","","hypothetical protein","3","3","1","1","75","24","1","","311","311","311","","","MLFNPOEP_00148","","","HGEFLFKG_00150","AHGFFIMK_00138","",""
"group_330","","hypothetical protein","3","3","1","1","78","26","1","","299","299","299","","","MLFNPOEP_00151","","","HGEFLFKG_00153","AHGFFIMK_00141","",""
"group_331","","hypothetical protein","3","3","1","1","77","26","2","","479","479","479","","","MLFNPOEP_00152","","","HGEFLFKG_00154","AHGFFIMK_00142","",""
"group_332","","hypothetical protein","3","3","1","1","86","25","2","","662","662","662","","","MLFNPOEP_00156","","","HGEFLFKG_00158","AHGFFIMK_00146","",""
"group_333","","hypothetical protein","3","3","1","1","106","35","1","","350","350","350","","","MLFNPOEP_00172","","","HGEFLFKG_00174","AHGFFIMK_00164","",""
"group_334","","hypothetical protein","3","3","1","1","108","28","2","","845","845","845","","","MLFNPOEP_00174","","","HGEFLFKG_00176","AHGFFIMK_00166","",""
"group_336","","hypothetical protein","3","3","1","1","120","2","41","","1073","1073","1073","","","MLFNPOEP_00186","","","HGEFLFKG_00187","AHGFFIMK_00177","",""
"group_337","","hypothetical protein","3","3","1","1","121","2","42","","302","302","302","","","MLFNPOEP_00187","","","HGEFLFKG_00188","AHGFFIMK_00178","",""
"group_338","","hypothetical protein","3","3","1","1","124","2","45","","179","179","179","","","MLFNPOEP_00190","","","HGEFLFKG_00191","AHGFFIMK_00181","",""
"group_339","","hypothetical protein","3","3","1","1","126","2","47","","377","377","377","","","MLFNPOEP_00192","","","HGEFLFKG_00193","AHGFFIMK_00183","",""
"group_340","","hypothetical protein","3","3","1","1","127","2","48","","230","230","230","","","MLFNPOEP_00193","","","HGEFLFKG_00194","AHGFFIMK_00184","",""
"group_346","","hypothetical protein","3","3","1","1","140","2","3","","299","299","299","","","MLFNPOEP_00205","","","HGEFLFKG_00202","AHGFFIMK_00192","",""
"group_347","","hypothetical protein","3","3","1","1","141","2","2","","290","290","290","","","MLFNPOEP_00206","","","HGEFLFKG_00203","AHGFFIMK_00193","",""
"group_349","","hypothetical protein","3","3","1","1","163","1","49","","206","206","206","","","MLFNPOEP_00212","","","HGEFLFKG_00001","AHGFFIMK_00197","",""
"group_68","","hypothetical protein","3","3","1","1","229","1","102","","251","404","302","","","MLFNPOEP_00030","","","HGEFLFKG_00027","AHGFFIMK_00013","",""
"group_69","","hypothetical protein","3","3","1","1","234","1","107","","524","542","536","","","MLFNPOEP_00035","","","HGEFLFKG_00032","AHGFFIMK_00018","",""
"group_196","","hypothetical protein","2","2","1","1","201","1","57","","215","215","215","DPJGIINP_00204","","","LPIHEJCG_00011","","","","",""
"group_199","","hypothetical protein","2","2","1","1","206","1","67","","158","173","165","","BMFEEFKN_00007","MLFNPOEP_00016","","","","","",""
"group_201","","hypothetical protein","2","2","1","1","149","1","41","","545","545","545","","BMFEEFKN_00188","","LPIHEJCG_00204","","","","",""
"group_22","","hypothetical protein","2","2","1","1","148","1","39","","110","176","143","","","","","ILFNCBME_00198","","","OFPAFGCJ_00190",""
"group_237","","hypothetical protein","2","2","1","1","367","23","2","","938","938","938","","","MLFNPOEP_00101","","","","","","GLLPMOLK_00125"
"group_257","","hypothetical protein","2","2","1","1","15","1","140","","647","686","666","","","","LPIHEJCG_00029","","","","","GLLPMOLK_00035"
"group_258","","hypothetical protein","2","2","1","1","289","2","27","","212","233","222","","","","LPIHEJCG_00055","","","","","GLLPMOLK_00057"
"group_259","","hypothetical protein","2","2","1","1","184","1","61","","242","242","242","","","","","ILFNCBME_00006","","","OFPAFGCJ_00006",""
"group_260","","hypothetical protein","2","2","1","1","182","1","119","","308","308","308","","","","","ILFNCBME_00007","","","OFPAFGCJ_00008",""
"group_261","","hypothetical protein","2","2","1","1","178","1","122","","272","272","272","","","","","ILFNCBME_00010","","","OFPAFGCJ_00012",""
"group_262","","hypothetical protein","2","2","1","1","12","1","137","","584","584","584","","","","","ILFNCBME_00023","","","OFPAFGCJ_00024",""
"group_263","","hypothetical protein","2","2","1","1","312","3","8","","362","365","363","","","","","ILFNCBME_00057","","","OFPAFGCJ_00059",""
"group_264","","hypothetical protein","2","2","1","1","384","4","3","","164","164","164","","","","","ILFNCBME_00075","","","","GLLPMOLK_00092"
"group_265","","hypothetical protein","2","2","1","1","45","10","4","","704","704","704","","","","","ILFNCBME_00190","","","OFPAFGCJ_00181",""
"group_266","","hypothetical protein","2","2","1","1","44","10","3","","680","680","680","","","","","ILFNCBME_00191","","","OFPAFGCJ_00182",""
"group_267","","hypothetical protein","2","2","1","1","43","10","2","","134","734","434","","","","","ILFNCBME_00192","","","OFPAFGCJ_00183",""
"group_28","","hypothetical protein","2","2","1","1","59","6","4","","176","881","528","","BMFEEFKN_00148","","","ILFNCBME_00153","","","",""
"group_282","","hypothetical protein","2","2","1","1","290","2","20","","233","233","233","DPJGIINP_00155","BMFEEFKN_00053","","","","","","",""
"group_283","","hypothetical protein","2","2","1","1","285","2","25","","242","242","242","DPJGIINP_00156","BMFEEFKN_00052","","","","","","",""
"group_285","","hypothetical protein","2","2","1","1","13","1","138","","212","212","212","DPJGIINP_00182","BMFEEFKN_00026","","","","","","",""
"group_287","","hypothetical protein","2","2","1","1","222","1","92","","389","389","389","DPJGIINP_00187","BMFEEFKN_00021","","","","","","",""
"group_288","","hypothetical protein","2","2","1","1","244","1","126","","326","326","326","DPJGIINP_00192","BMFEEFKN_00016","","","","","","",""
"group_289","","hypothetical protein","2","2","1","1","246","1","127","","176","176","176","DPJGIINP_00193","BMFEEFKN_00015","","","","","","",""
"group_291","","hypothetical protein","2","2","1","1","189","1","24","","317","317","317","DPJGIINP_00208","BMFEEFKN_00002","","","","","","",""
"group_350","","hypothetical protein","2","2","1","1","247","1","94","","215","215","215","","","","LPIHEJCG_00019","","","","","GLLPMOLK_00025"
"group_353","","hypothetical protein","2","2","1","1","177","1","123","","410","410","410","","","","","ILFNCBME_00011","","","OFPAFGCJ_00013",""
"group_354","","hypothetical protein","2","2","1","1","176","1","124","","236","236","236","","","","","ILFNCBME_00012","","","OFPAFGCJ_00014",""
"group_355","","hypothetical protein","2","2","1","1","220","1","132","","422","422","422","","","","","ILFNCBME_00018","","","OFPAFGCJ_00020",""
"group_356","","hypothetical protein","2","2","1","1","382","4","5","","254","254","254","","","","","ILFNCBME_00078","","","","GLLPMOLK_00095"
"group_360","","hypothetical protein","2","2","1","1","48","12","2","","113","113","113","","","","","ILFNCBME_00176","","","OFPAFGCJ_00167",""
"group_361","","hypothetical protein","2","2","1","1","166","1","53","","89","89","89","","","","","","HGEFLFKG_00004","AHGFFIMK_00200","",""
"group_362","","hypothetical protein","2","2","1","1","168","1","55","","434","434","434","","","","","","HGEFLFKG_00006","AHGFFIMK_00202","",""
"group_363","","hypothetical protein","2","2","1","1","194","1","75","","305","305","305","","","","","","HGEFLFKG_00011","AHGFFIMK_00207","",""
"group_364","","hypothetical protein","2","2","1","1","210","1","87","","227","227","227","","","","","","HGEFLFKG_00016","AHGFFIMK_00002","",""
"group_365","","hypothetical protein","2","2","1","1","215","1","91","","227","227","227","","","","","","HGEFLFKG_00020","AHGFFIMK_00006","",""
"group_366","","hypothetical protein","2","2","1","1","226","1","99","","233","233","233","","","","","","HGEFLFKG_00024","AHGFFIMK_00010","",""
"group_367","","hypothetical protein","2","2","1","1","241","1","114","","200","200","200","","","","","","HGEFLFKG_00039","AHGFFIMK_00025","",""
"group_368","","hypothetical protein","2","2","1","1","258","1","14","","437","437","437","","","","","","HGEFLFKG_00050","AHGFFIMK_00036","",""
"group_369","","hypothetical protein","2","2","1","1","268","22","6","","293","293","293","","","","","","HGEFLFKG_00060","AHGFFIMK_00046","",""
"group_370","","hypothetical protein","2","2","1","1","300","2","9","","518","518","518","","","","","","HGEFLFKG_00077","AHGFFIMK_00069","",""
"group_373","","hypothetical protein","2","2","1","1","368","23","7","","923","923","923","","","","","","HGEFLFKG_00103","AHGFFIMK_00091","",""
"group_374","","hypothetical protein","2","2","1","1","136","2","52","","332","332","332","","","","","","HGEFLFKG_00198","AHGFFIMK_00188","",""
"group_70","","hypothetical protein","2","2","1","1","275","22","17","","224","437","330","","","","","","HGEFLFKG_00066","AHGFFIMK_00052","",""
"group_71","","hypothetical protein","2","2","1","1","276","22","10","","176","437","306","","","MLFNPOEP_00069","","","HGEFLFKG_00067","","",""
"group_72","","hypothetical protein","2","2","1","1","153","1","44","","173","488","330","","","","","","","","OFPAFGCJ_00193","GLLPMOLK_00210"
"group_73","","hypothetical protein","2","2","1","1","152","1","43","","224","488","356","","","","","ILFNCBME_00200","","","","GLLPMOLK_00209"
"group_12","","hypothetical protein","1","1","1","1","51","25","1","","479","479","479","","","","","","","AHGFFIMK_00147","",""
"bnrdF_2","","Ribonucleoside-diphosphate reductase subunit beta","1","1","1","1","4","2","13","","587","587","587","","","","","","","AHGFFIMK_00065","",""
"group_173","","hypothetical protein","1","1","1","1","303","5","8","","998","998","998","","","","","ILFNCBME_00063","","","",""
"group_174","","hypothetical protein","1","1","1","1","302","5","4","","998","998","998","","","","LPIHEJCG_00079","","","","",""
"group_18","","hypothetical protein","1","1","1","1","3","2","10","","368","368","368","","","","","","","AHGFFIMK_00066","",""
"group_2","","hypothetical protein","1","1","1","1","95","40","1","","962","962","962","","","","","","","AHGFFIMK_00155","",""
"group_294","","hypothetical protein","1","1","1","1","68","19","1","","287","287","287","","BMFEEFKN_00144","","","","","","",""
"group_295","","hypothetical protein","1","1","1","1","37","1","50","","245","245","245","","","MLFNPOEP_00001","","","","","",""
"group_300","","hypothetical protein","1","1","1","1","198","1","71","","200","200","200","","","MLFNPOEP_00011","","","","","",""
"group_301","","hypothetical protein","1","1","1","1","207","1","68","","308","308","308","","","MLFNPOEP_00015","","","","","",""
"group_302","","hypothetical protein","1","1","1","1","205","1","66","","239","239","239","","","MLFNPOEP_00017","","","","","",""
"group_303","","hypothetical protein","1","1","1","1","211","1","65","","245","245","245","","","MLFNPOEP_00018","","","","","",""
"group_304","","hypothetical protein","1","1","1","1","36","1","85","","938","938","938","","","MLFNPOEP_00022","","","","","",""
"group_305","","hypothetical protein","1","1","1","1","35","1","95","","284","284","284","","","MLFNPOEP_00023","","","","","",""
"group_306","","hypothetical protein","1","1","1","1","31","1","97","","263","263","263","","","MLFNPOEP_00026","","","","","",""
"group_307","","hypothetical protein","1","1","1","1","32","1","22","","305","305","305","","","MLFNPOEP_00027","","","","","",""
"group_313","","hypothetical protein","1","1","1","1","256","1","13","","407","407","407","","","MLFNPOEP_00052","","","","","",""
"group_316","","hypothetical protein","1","1","1","1","7","22","7","","701","701","701","","","MLFNPOEP_00062","","","","","",""
"group_317","","hypothetical protein","1","1","1","1","270","22","1","","173","173","173","","","MLFNPOEP_00064","","","","","",""
"group_320","","hypothetical protein","1","1","1","1","2","2","7","","716","716","716","","","MLFNPOEP_00079","","","","","",""
"group_325","","hypothetical protein","1","1","1","1","328","33","1","","836","836","836","","","MLFNPOEP_00119","","","","","",""
"group_335","","hypothetical protein","1","1","1","1","41","2","34","","104","104","104","","","MLFNPOEP_00180","","","","","",""
"group_341","","hypothetical protein","1","1","1","1","40","2","33","","227","227","227","","","MLFNPOEP_00195","","","","","",""
"group_342","","hypothetical protein","1","1","1","1","39","2","32","","188","188","188","","","MLFNPOEP_00196","","","","","",""
"group_343","","hypothetical protein","1","1","1","1","131","2","31","","722","722","722","","","MLFNPOEP_00197","","","","","",""
"group_344","","hypothetical protein","1","1","1","1","132","2","6","","629","629","629","","","MLFNPOEP_00198","","","","","",""
"group_345","","hypothetical protein","1","1","1","1","134","2","5","","194","194","194","","","MLFNPOEP_00201","","","","","",""
"group_348","","hypothetical protein","1","1","1","1","160","1","30","","278","278","278","","","MLFNPOEP_00209","","","","","",""
"hegA","","H-N-H endonuclease F-TflIV","1","1","1","1","321","4","11","","683","683","683","","","","LPIHEJCG_00116","","","","",""
"group_352","","hypothetical protein","1","1","1","1","187","1","81","","242","242","242","","","","","ILFNCBME_00004","","","",""
"group_357","","hypothetical protein","1","1","1","1","331","37","1","","2534","2534","2534","","","","","ILFNCBME_00139","","","",""
"group_358","","hypothetical protein","1","1","1","1","329","37","2","","509","509","509","","","","","ILFNCBME_00140","","","",""
"group_359","","hypothetical protein","1","1","1","1","52","25","4","","476","476","476","","","","","ILFNCBME_00166","","","",""
"group_371","","hypothetical protein","1","1","1","1","369","23","5","","851","851","851","","","","","","HGEFLFKG_00099","","",""
"group_372","","hypothetical protein","1","1","1","1","365","23","3","","629","629","629","","","","","","HGEFLFKG_00101","","",""
"group_375","","hypothetical protein","1","1","1","1","5","2","14","","629","629","629","","","","","","","AHGFFIMK_00064","",""
"group_376","","hypothetical protein","1","1","1","1","298","2","11","","785","785","785","","","","","","","AHGFFIMK_00067","",""
"group_377","","hypothetical protein","1","1","1","1","91","39","2","","839","839","839","","","","","","","AHGFFIMK_00151","",""
"group_378","","hypothetical protein","1","1","1","1","174","1","62","","275","275","275","","","","","","","","OFPAFGCJ_00003",""
"group_379","","hypothetical protein","1","1","1","1","173","1","63","","218","218","218","","","","","","","","OFPAFGCJ_00004",""
"group_380","","hypothetical protein","1","1","1","1","183","1","118","","320","320","320","","","","","","","","OFPAFGCJ_00007",""
"group_381","","hypothetical protein","1","1","1","1","179","1","117","","239","239","239","","","","","","","","OFPAFGCJ_00011",""
"group_382","","hypothetical protein","1","1","1","1","18","1","12","","380","380","380","","","","","","","","OFPAFGCJ_00027",""
"group_383","","hypothetical protein","1","1","1","1","323","4","8","","419","419","419","","","","","","","","OFPAFGCJ_00085",""
"group_384","","hypothetical protein","1","1","1","1","53","38","1","","578","578","578","","","","","","","","OFPAFGCJ_00151",""
"group_385","","hypothetical protein","1","1","1","1","171","1","26","","239","239","239","","","","","","","","","GLLPMOLK_00009"
"group_386","","hypothetical protein","1","1","1","1","203","1","60","","254","254","254","","","","","","","","","GLLPMOLK_00017"
"group_387","","hypothetical protein","1","1","1","1","380","4","2","","722","722","722","","","","","","","","","GLLPMOLK_00098"
"group_46","","hypothetical protein","1","1","1","1","89","39","1","","419","419","419","","","","","","","AHGFFIMK_00150","",""
"group_5","","hypothetical protein","1","1","1","1","325","23","1","","446","446","446","","","","","","HGEFLFKG_00104","","",""
"group_6","","hypothetical protein","1","1","1","1","364","23","4","","197","197","197","","","","","","HGEFLFKG_00100","","",""
